Order ID,Order Date,CustomerName,State,City,Location,Amount,Profit,Profit Margin,Profit Status,Quantity,Category,Sub-Category
B-25601,2018-04-01,Bharat,Gujarat,Ahmedabad,"Ahmedabad, Gujarat",1275.0,-1148.0,-0.9003921568627451,Loss,7,Furniture,Bookcases
B-25601,2018-04-01,Bharat,Gujarat,Ahmedabad,"Ahmedabad, Gujarat",66.0,-12.0,-0.18181818181818182,Loss,5,Clothing,Stole
B-25601,2018-04-01,Bharat,Gujarat,Ahmedabad,"Ahmedabad, Gujarat",8.0,-2.0,-0.25,Loss,3,Clothing,Hankerchief
B-25601,2018-04-01,Bharat,Gujarat,Ahmedabad,"Ahmedabad, Gujarat",80.0,-56.0,-0.7,Loss,4,Electronics,Electronic Games
B-25602,2018-04-01,Pearl,Maharashtra,Pune,"Pune, Maharashtra",168.0,-111.0,-0.6607142857142857,Loss,2,Electronics,Phones
B-25602,2018-04-01,Pearl,Maharashtra,Pune,"Pune, Maharashtra",424.0,-272.0,-0.6415094339622641,Loss,5,Electronics,Phones
B-25602,2018-04-01,Pearl,Maharashtra,Pune,"Pune, Maharashtra",2617.0,1151.0,0.43981658387466566,Profit,4,Electronics,Phones
B-25602,2018-04-01,Pearl,Maharashtra,Pune,"Pune, Maharashtra",561.0,212.0,0.3778966131907308,Profit,3,Clothing,Saree
B-25602,2018-04-01,Pearl,Maharashtra,Pune,"Pune, Maharashtra",119.0,-5.0,-0.04201680672268908,Loss,8,Clothing,Saree
B-25603,2018-04-03,Jahan,Madhya Pradesh,Bhopal,"Bhopal, Madhya Pradesh",1355.0,-60.0,-0.04428044280442804,Loss,5,Clothing,Trousers
B-25603,2018-04-03,Jahan,Madhya Pradesh,Bhopal,"Bhopal, Madhya Pradesh",24.0,-30.0,-1.25,Loss,1,Furniture,Chairs
B-25603,2018-04-03,Jahan,Madhya Pradesh,Bhopal,"Bhopal, Madhya Pradesh",193.0,-166.0,-0.8601036269430051,Loss,3,Clothing,Saree
B-25603,2018-04-03,Jahan,Madhya Pradesh,Bhopal,"Bhopal, Madhya Pradesh",180.0,5.0,0.027777777777777776,Profit,3,Clothing,Trousers
B-25603,2018-04-03,Jahan,Madhya Pradesh,Bhopal,"Bhopal, Madhya Pradesh",116.0,16.0,0.13793103448275862,Profit,4,Clothing,Stole
B-25603,2018-04-03,Jahan,Madhya Pradesh,Bhopal,"Bhopal, Madhya Pradesh",107.0,36.0,0.3364485981308411,Profit,6,Clothing,Stole
B-25603,2018-04-03,Jahan,Madhya Pradesh,Bhopal,"Bhopal, Madhya Pradesh",12.0,1.0,0.08333333333333333,Profit,2,Clothing,Hankerchief
B-25603,2018-04-03,Jahan,Madhya Pradesh,Bhopal,"Bhopal, Madhya Pradesh",38.0,18.0,0.47368421052631576,Profit,1,Clothing,Kurti
B-25604,2018-04-03,Divsha,Rajasthan,Jaipur,"Jaipur, Rajasthan",65.0,17.0,0.26153846153846155,Profit,2,Clothing,T-shirt
B-25604,2018-04-03,Divsha,Rajasthan,Jaipur,"Jaipur, Rajasthan",157.0,5.0,0.03184713375796178,Profit,9,Clothing,Saree
B-25605,2018-04-05,Kasheen,West Bengal,Kolkata,"Kolkata, West Bengal",75.0,0.0,0,Break-Even,7,Clothing,Saree
B-25606,2018-04-06,Hazel,Karnataka,Bangalore,"Bangalore, Karnataka",87.0,4.0,0.04597701149425287,Profit,2,Clothing,Shirt
B-25607,2018-04-06,Sonakshi,Jammu and Kashmir,Kashmir,"Kashmir, Jammu and Kashmir",50.0,15.0,0.3,Profit,4,Clothing,Leggings
B-25608,2018-04-08,Aarushi,Tamil Nadu,Chennai,"Chennai, Tamil Nadu",1364.0,-1864.0,-1.3665689149560116,Loss,5,Furniture,Tables
B-25608,2018-04-08,Aarushi,Tamil Nadu,Chennai,"Chennai, Tamil Nadu",476.0,0.0,0,Break-Even,3,Furniture,Chairs
B-25608,2018-04-08,Aarushi,Tamil Nadu,Chennai,"Chennai, Tamil Nadu",257.0,23.0,0.08949416342412451,Profit,5,Clothing,Hankerchief
B-25608,2018-04-08,Aarushi,Tamil Nadu,Chennai,"Chennai, Tamil Nadu",856.0,385.0,0.4497663551401869,Profit,6,Electronics,Printers
B-25609,2018-04-09,Jitesh,Uttar Pradesh,Lucknow,"Lucknow, Uttar Pradesh",485.0,29.0,0.05979381443298969,Profit,4,Electronics,Electronic Games
B-25609,2018-04-09,Jitesh,Uttar Pradesh,Lucknow,"Lucknow, Uttar Pradesh",25.0,-5.0,-0.2,Loss,4,Clothing,Saree
B-25610,2018-04-09,Yogesh,Bihar,Patna,"Patna, Bihar",1076.0,-38.0,-0.03531598513011153,Loss,4,Electronics,Printers
B-25610,2018-04-09,Yogesh,Bihar,Patna,"Patna, Bihar",107.0,-54.0,-0.5046728971962616,Loss,4,Clothing,Stole
B-25610,2018-04-09,Yogesh,Bihar,Patna,"Patna, Bihar",68.0,-55.0,-0.8088235294117647,Loss,5,Electronics,Accessories
B-25610,2018-04-09,Yogesh,Bihar,Patna,"Patna, Bihar",781.0,-594.0,-0.7605633802816901,Loss,6,Electronics,Printers
B-25610,2018-04-09,Yogesh,Bihar,Patna,"Patna, Bihar",43.0,0.0,0,Break-Even,3,Clothing,Saree
B-25610,2018-04-09,Yogesh,Bihar,Patna,"Patna, Bihar",30.0,-5.0,-0.16666666666666666,Loss,2,Furniture,Furnishings
B-25611,2018-04-11,Anita,Kerala ,Thiruvananthapuram,"Thiruvananthapuram, Kerala ",160.0,-59.0,-0.36875,Loss,2,Clothing,Saree
B-25612,2018-04-12,Shrichand,Punjab,Chandigarh,"Chandigarh, Punjab",259.0,-55.0,-0.21235521235521235,Loss,2,Furniture,Chairs
B-25613,2018-04-12,Mukesh,Haryana,Chandigarh,"Chandigarh, Haryana",1603.0,0.0,0,Break-Even,9,Clothing,Saree
B-25614,2018-04-13,Vandana,Himachal Pradesh,Simla,"Simla, Himachal Pradesh",494.0,54.0,0.10931174089068826,Profit,4,Furniture,Bookcases
B-25614,2018-04-13,Vandana,Himachal Pradesh,Simla,"Simla, Himachal Pradesh",98.0,-12.0,-0.12244897959183673,Loss,2,Electronics,Electronic Games
B-25615,2018-04-15,Bhavna,Sikkim,Gangtok,"Gangtok, Sikkim",68.0,20.0,0.29411764705882354,Profit,5,Clothing,Hankerchief
B-25616,2018-04-15,Kanak,Goa,Goa,"Goa, Goa",42.0,12.0,0.2857142857142857,Profit,5,Clothing,Hankerchief
B-25616,2018-04-15,Kanak,Goa,Goa,"Goa, Goa",116.0,-56.0,-0.4827586206896552,Loss,5,Clothing,Stole
B-25616,2018-04-15,Kanak,Goa,Goa,"Goa, Goa",22.0,-2.0,-0.09090909090909091,Loss,3,Clothing,Hankerchief
B-25616,2018-04-15,Kanak,Goa,Goa,"Goa, Goa",14.0,-2.0,-0.14285714285714285,Loss,3,Clothing,Hankerchief
B-25617,2018-04-17,Sagar,Nagaland,Kohima,"Kohima, Nagaland",305.0,-270.0,-0.8852459016393442,Loss,5,Electronics,Electronic Games
B-25618,2018-04-18,Manju,Andhra Pradesh,Hyderabad,"Hyderabad, Andhra Pradesh",362.0,127.0,0.35082872928176795,Profit,1,Furniture,Bookcases
B-25618,2018-04-18,Manju,Andhra Pradesh,Hyderabad,"Hyderabad, Andhra Pradesh",12.0,0.0,0,Break-Even,2,Clothing,Hankerchief
B-25619,2018-04-18,Ramesh,Gujarat,Ahmedabad,"Ahmedabad, Gujarat",353.0,90.0,0.254957507082153,Profit,8,Clothing,Saree
B-25620,2018-04-20,Sarita,Maharashtra,Pune,"Pune, Maharashtra",193.0,46.0,0.23834196891191708,Profit,1,Electronics,Printers
B-25621,2018-04-20,Deepak,Madhya Pradesh,Bhopal,"Bhopal, Madhya Pradesh",233.0,-10.0,-0.04291845493562232,Loss,5,Electronics,Electronic Games
B-25621,2018-04-20,Deepak,Madhya Pradesh,Bhopal,"Bhopal, Madhya Pradesh",228.0,63.0,0.27631578947368424,Profit,3,Electronics,Electronic Games
B-25621,2018-04-20,Deepak,Madhya Pradesh,Bhopal,"Bhopal, Madhya Pradesh",333.0,-15.0,-0.04504504504504504,Loss,3,Electronics,Phones
B-25622,2018-04-22,Monisha,Rajasthan,Jaipur,"Jaipur, Rajasthan",534.0,0.0,0,Break-Even,3,Clothing,Saree
B-25623,2018-04-22,Atharv,West Bengal,Kolkata,"Kolkata, West Bengal",53.0,1.0,0.018867924528301886,Profit,4,Clothing,Stole
B-25623,2018-04-22,Atharv,West Bengal,Kolkata,"Kolkata, West Bengal",158.0,69.0,0.43670886075949367,Profit,3,Clothing,Stole
B-25623,2018-04-22,Atharv,West Bengal,Kolkata,"Kolkata, West Bengal",149.0,-87.0,-0.5838926174496645,Loss,4,Clothing,Saree
B-25623,2018-04-22,Atharv,West Bengal,Kolkata,"Kolkata, West Bengal",105.0,20.0,0.19047619047619047,Profit,2,Clothing,Stole
B-25624,2018-04-22,Vini,Karnataka,Bangalore,"Bangalore, Karnataka",26.0,12.0,0.46153846153846156,Profit,3,Clothing,Hankerchief
B-25625,2018-04-23,Pinky,Jammu and Kashmir,Kashmir,"Kashmir, Jammu and Kashmir",97.0,29.0,0.29896907216494845,Profit,2,Clothing,Hankerchief
B-25625,2018-04-23,Pinky,Jammu and Kashmir,Kashmir,"Kashmir, Jammu and Kashmir",59.0,30.0,0.5084745762711864,Profit,3,Clothing,Leggings
B-25625,2018-04-23,Pinky,Jammu and Kashmir,Kashmir,"Kashmir, Jammu and Kashmir",635.0,-349.0,-0.5496062992125984,Loss,5,Clothing,Saree
B-25626,2018-04-23,Bhishm,Maharashtra,Mumbai,"Mumbai, Maharashtra",46.0,-14.0,-0.30434782608695654,Loss,1,Electronics,Phones
B-25626,2018-04-23,Bhishm,Maharashtra,Mumbai,"Mumbai, Maharashtra",1103.0,-276.0,-0.25022665457842247,Loss,3,Furniture,Chairs
B-25627,2018-04-23,Hitika,Madhya Pradesh,Indore,"Indore, Madhya Pradesh",55.0,-39.0,-0.7090909090909091,Loss,4,Clothing,Stole
B-25628,2018-04-24,Pooja,Bihar,Patna,"Patna, Bihar",45.0,13.0,0.28888888888888886,Profit,4,Clothing,Skirt
B-25628,2018-04-24,Pooja,Bihar,Patna,"Patna, Bihar",24.0,-9.0,-0.375,Loss,4,Clothing,Saree
B-25628,2018-04-24,Pooja,Bihar,Patna,"Patna, Bihar",35.0,-8.0,-0.22857142857142856,Loss,2,Furniture,Furnishings
B-25629,2018-04-24,Hemant,Kerala ,Thiruvananthapuram,"Thiruvananthapuram, Kerala ",1560.0,421.0,0.26987179487179486,Profit,3,Clothing,Trousers
B-25630,2018-04-24,Sahil,Punjab,Chandigarh,"Chandigarh, Punjab",133.0,12.0,0.09022556390977443,Profit,5,Clothing,Stole
B-25630,2018-04-24,Sahil,Punjab,Chandigarh,"Chandigarh, Punjab",114.0,-39.0,-0.34210526315789475,Loss,5,Clothing,Kurti
B-25630,2018-04-24,Sahil,Punjab,Chandigarh,"Chandigarh, Punjab",143.0,-129.0,-0.9020979020979021,Loss,2,Electronics,Phones
B-25630,2018-04-24,Sahil,Punjab,Chandigarh,"Chandigarh, Punjab",40.0,-7.0,-0.175,Loss,3,Clothing,Stole
B-25630,2018-04-24,Sahil,Punjab,Chandigarh,"Chandigarh, Punjab",34.0,-22.0,-0.6470588235294118,Loss,4,Clothing,T-shirt
B-25630,2018-04-24,Sahil,Punjab,Chandigarh,"Chandigarh, Punjab",42.0,-26.0,-0.6190476190476191,Loss,2,Clothing,Kurti
B-25631,2018-04-24,Ritu,Haryana,Chandigarh,"Chandigarh, Haryana",89.0,-89.0,-1,Loss,2,Furniture,Furnishings
B-25632,2018-04-25,Manish,Himachal Pradesh,Simla,"Simla, Himachal Pradesh",19.0,-2.0,-0.10526315789473684,Loss,2,Clothing,Leggings
B-25633,2018-04-26,Amit,Sikkim,Gangtok,"Gangtok, Sikkim",249.0,-130.0,-0.5220883534136547,Loss,4,Electronics,Phones
B-25633,2018-04-26,Amit,Sikkim,Gangtok,"Gangtok, Sikkim",711.0,-8.0,-0.011251758087201125,Loss,4,Clothing,Saree
B-25633,2018-04-26,Amit,Sikkim,Gangtok,"Gangtok, Sikkim",496.0,-79.0,-0.1592741935483871,Loss,2,Clothing,Trousers
B-25634,2018-04-26,Sanjay,Goa,Goa,"Goa, Goa",389.0,-83.0,-0.2133676092544987,Loss,3,Furniture,Chairs
B-25635,2018-04-26,Nidhi,Nagaland,Kohima,"Kohima, Nagaland",40.0,16.0,0.4,Profit,3,Clothing,Hankerchief
B-25635,2018-04-26,Nidhi,Nagaland,Kohima,"Kohima, Nagaland",23.0,2.0,0.08695652173913043,Profit,2,Clothing,Skirt
B-25635,2018-04-26,Nidhi,Nagaland,Kohima,"Kohima, Nagaland",382.0,30.0,0.07853403141361257,Profit,3,Clothing,Saree
B-25636,2018-04-26,Nishi,Maharashtra,Mumbai,"Mumbai, Maharashtra",637.0,113.0,0.17739403453689168,Profit,5,Clothing,Saree
B-25637,2018-04-26,Ashmi,Madhya Pradesh,Indore,"Indore, Madhya Pradesh",117.0,14.0,0.11965811965811966,Profit,3,Clothing,Shirt
B-25638,2018-04-26,Parth,Maharashtra,Pune,"Pune, Maharashtra",182.0,-11.0,-0.06043956043956044,Loss,3,Furniture,Bookcases
B-25638,2018-04-26,Parth,Maharashtra,Pune,"Pune, Maharashtra",880.0,97.0,0.11022727272727273,Profit,8,Furniture,Furnishings
B-25638,2018-04-26,Parth,Maharashtra,Pune,"Pune, Maharashtra",154.0,39.0,0.2532467532467532,Profit,3,Clothing,Hankerchief
B-25638,2018-04-26,Parth,Maharashtra,Pune,"Pune, Maharashtra",816.0,-96.0,-0.11764705882352941,Loss,3,Electronics,Printers
B-25639,2018-04-27,Lisha,Madhya Pradesh,Bhopal,"Bhopal, Madhya Pradesh",1629.0,-153.0,-0.09392265193370165,Loss,3,Electronics,Phones
B-25640,2018-04-27,Paridhi,Rajasthan,Jaipur,"Jaipur, Rajasthan",68.0,-62.0,-0.9117647058823529,Loss,2,Clothing,Trousers
B-25640,2018-04-27,Paridhi,Rajasthan,Jaipur,"Jaipur, Rajasthan",314.0,-239.0,-0.7611464968152867,Loss,13,Clothing,Hankerchief
B-25640,2018-04-27,Paridhi,Rajasthan,Jaipur,"Jaipur, Rajasthan",122.0,-47.0,-0.38524590163934425,Loss,4,Clothing,Saree
B-25641,2018-04-27,Parishi,West Bengal,Kolkata,"Kolkata, West Bengal",22.0,-6.0,-0.2727272727272727,Loss,1,Furniture,Furnishings
B-25642,2018-04-28,Ajay,Karnataka,Bangalore,"Bangalore, Karnataka",434.0,26.0,0.059907834101382486,Profit,11,Clothing,Shirt
B-25643,2018-04-29,Kirti,Jammu and Kashmir,Kashmir,"Kashmir, Jammu and Kashmir",1061.0,-36.0,-0.033930254476908575,Loss,8,Furniture,Bookcases
B-25643,2018-04-29,Kirti,Jammu and Kashmir,Kashmir,"Kashmir, Jammu and Kashmir",50.0,-44.0,-0.88,Loss,2,Clothing,Hankerchief
B-25643,2018-04-29,Kirti,Jammu and Kashmir,Kashmir,"Kashmir, Jammu and Kashmir",37.0,-23.0,-0.6216216216216216,Loss,4,Clothing,Shirt
B-25643,2018-04-29,Kirti,Jammu and Kashmir,Kashmir,"Kashmir, Jammu and Kashmir",263.0,-63.0,-0.23954372623574144,Loss,2,Electronics,Electronic Games
B-25643,2018-04-29,Kirti,Jammu and Kashmir,Kashmir,"Kashmir, Jammu and Kashmir",36.0,-7.0,-0.19444444444444445,Loss,1,Electronics,Electronic Games
B-25644,2018-04-30,Mayank,Maharashtra,Mumbai,"Mumbai, Maharashtra",76.0,-92.0,-1.2105263157894737,Loss,8,Furniture,Furnishings
B-25645,2018-05-01,Yaanvi,Madhya Pradesh,Indore,"Indore, Madhya Pradesh",273.0,-87.0,-0.31868131868131866,Loss,4,Electronics,Phones
B-25645,2018-05-01,Yaanvi,Madhya Pradesh,Indore,"Indore, Madhya Pradesh",86.0,0.0,0,Break-Even,4,Clothing,T-shirt
B-25645,2018-05-01,Yaanvi,Madhya Pradesh,Indore,"Indore, Madhya Pradesh",133.0,-42.0,-0.3157894736842105,Loss,1,Electronics,Printers
B-25645,2018-05-01,Yaanvi,Madhya Pradesh,Indore,"Indore, Madhya Pradesh",183.0,-66.0,-0.36065573770491804,Loss,5,Electronics,Phones
B-25646,2018-05-01,Sonal,Bihar,Patna,"Patna, Bihar",20.0,-8.0,-0.4,Loss,2,Clothing,Saree
B-25647,2018-05-03,Sharda,Kerala ,Thiruvananthapuram,"Thiruvananthapuram, Kerala ",42.0,-6.0,-0.14285714285714285,Loss,4,Clothing,Saree
B-25648,2018-05-04,Aditya,Punjab,Chandigarh,"Chandigarh, Punjab",100.0,-23.0,-0.23,Loss,1,Electronics,Phones
B-25648,2018-05-04,Aditya,Punjab,Chandigarh,"Chandigarh, Punjab",30.0,13.0,0.43333333333333335,Profit,1,Clothing,T-shirt
B-25648,2018-05-04,Aditya,Punjab,Chandigarh,"Chandigarh, Punjab",55.0,-26.0,-0.4727272727272727,Loss,4,Clothing,Saree
B-25648,2018-05-04,Aditya,Punjab,Chandigarh,"Chandigarh, Punjab",130.0,-41.0,-0.3153846153846154,Loss,4,Clothing,Saree
B-25649,2018-05-05,Rachna,Haryana,Chandigarh,"Chandigarh, Haryana",27.0,-25.0,-0.9259259259259259,Loss,2,Clothing,Stole
B-25650,2018-05-06,Chirag,Maharashtra,Mumbai,"Mumbai, Maharashtra",245.0,-78.0,-0.3183673469387755,Loss,2,Electronics,Printers
B-25650,2018-05-06,Chirag,Maharashtra,Mumbai,"Mumbai, Maharashtra",211.0,-105.0,-0.4976303317535545,Loss,2,Clothing,Saree
B-25650,2018-05-06,Chirag,Maharashtra,Mumbai,"Mumbai, Maharashtra",31.0,-2.0,-0.06451612903225806,Loss,2,Clothing,Saree
B-25650,2018-05-06,Chirag,Maharashtra,Mumbai,"Mumbai, Maharashtra",28.0,-26.0,-0.9285714285714286,Loss,2,Clothing,Stole
B-25650,2018-05-06,Chirag,Maharashtra,Mumbai,"Mumbai, Maharashtra",512.0,-225.0,-0.439453125,Loss,5,Clothing,Saree
B-25650,2018-05-06,Chirag,Maharashtra,Mumbai,"Mumbai, Maharashtra",925.0,-447.0,-0.48324324324324325,Loss,5,Electronics,Electronic Games
B-25650,2018-05-06,Chirag,Maharashtra,Mumbai,"Mumbai, Maharashtra",238.0,20.0,0.08403361344537816,Profit,2,Clothing,Saree
B-25650,2018-05-06,Chirag,Maharashtra,Mumbai,"Mumbai, Maharashtra",351.0,-47.0,-0.1339031339031339,Loss,8,Electronics,Phones
B-25650,2018-05-06,Chirag,Maharashtra,Mumbai,"Mumbai, Maharashtra",269.0,111.0,0.41263940520446096,Profit,3,Clothing,Trousers
B-25651,2018-05-07,Anurag,Madhya Pradesh,Indore,"Indore, Madhya Pradesh",200.0,-60.0,-0.3,Loss,4,Furniture,Bookcases
B-25651,2018-05-07,Anurag,Madhya Pradesh,Indore,"Indore, Madhya Pradesh",44.0,-8.0,-0.18181818181818182,Loss,3,Clothing,Stole
B-25651,2018-05-07,Anurag,Madhya Pradesh,Indore,"Indore, Madhya Pradesh",7.0,0.0,0,Break-Even,1,Clothing,Leggings
B-25651,2018-05-07,Anurag,Madhya Pradesh,Indore,"Indore, Madhya Pradesh",11.0,-4.0,-0.36363636363636365,Loss,2,Clothing,Skirt
B-25651,2018-05-07,Anurag,Madhya Pradesh,Indore,"Indore, Madhya Pradesh",16.0,-10.0,-0.625,Loss,2,Clothing,T-shirt
B-25651,2018-05-07,Anurag,Madhya Pradesh,Indore,"Indore, Madhya Pradesh",172.0,-103.0,-0.5988372093023255,Loss,3,Furniture,Chairs
B-25651,2018-05-07,Anurag,Madhya Pradesh,Indore,"Indore, Madhya Pradesh",49.0,3.0,0.061224489795918366,Profit,1,Clothing,Shirt
B-25651,2018-05-07,Anurag,Madhya Pradesh,Indore,"Indore, Madhya Pradesh",823.0,-18.0,-0.02187120291616039,Loss,7,Furniture,Chairs
B-25651,2018-05-07,Anurag,Madhya Pradesh,Indore,"Indore, Madhya Pradesh",23.0,4.0,0.17391304347826086,Profit,1,Clothing,Saree
B-25651,2018-05-07,Anurag,Madhya Pradesh,Indore,"Indore, Madhya Pradesh",457.0,-41.0,-0.08971553610503283,Loss,4,Clothing,Saree
B-25652,2018-05-08,Tushina,Goa,Goa,"Goa, Goa",24.0,-21.0,-0.875,Loss,7,Clothing,Skirt
B-25652,2018-05-08,Tushina,Goa,Goa,"Goa, Goa",25.0,-2.0,-0.08,Loss,5,Clothing,Hankerchief
B-25652,2018-05-08,Tushina,Goa,Goa,"Goa, Goa",174.0,-70.0,-0.40229885057471265,Loss,3,Electronics,Accessories
B-25652,2018-05-08,Tushina,Goa,Goa,"Goa, Goa",206.0,-206.0,-1,Loss,3,Clothing,Saree
B-25652,2018-05-08,Tushina,Goa,Goa,"Goa, Goa",21.0,-13.0,-0.6190476190476191,Loss,3,Clothing,Leggings
B-25652,2018-05-08,Tushina,Goa,Goa,"Goa, Goa",34.0,-6.0,-0.17647058823529413,Loss,4,Clothing,Leggings
B-25652,2018-05-08,Tushina,Goa,Goa,"Goa, Goa",9.0,-6.0,-0.6666666666666666,Loss,2,Clothing,Hankerchief
B-25653,2018-05-08,Farah,Nagaland,Kohima,"Kohima, Nagaland",1279.0,-640.0,-0.5003909304143862,Loss,8,Electronics,Printers
B-25653,2018-05-08,Farah,Nagaland,Kohima,"Kohima, Nagaland",28.0,-3.0,-0.10714285714285714,Loss,2,Clothing,Saree
B-25653,2018-05-08,Farah,Nagaland,Kohima,"Kohima, Nagaland",427.0,-50.0,-0.117096018735363,Loss,7,Electronics,Phones
B-25653,2018-05-08,Farah,Nagaland,Kohima,"Kohima, Nagaland",168.0,-10.0,-0.05952380952380952,Loss,3,Electronics,Accessories
B-25653,2018-05-08,Farah,Nagaland,Kohima,"Kohima, Nagaland",1327.0,318.0,0.23963828183873398,Profit,8,Furniture,Chairs
B-25653,2018-05-08,Farah,Nagaland,Kohima,"Kohima, Nagaland",195.0,-117.0,-0.6,Loss,5,Electronics,Phones
B-25653,2018-05-08,Farah,Nagaland,Kohima,"Kohima, Nagaland",115.0,25.0,0.21739130434782608,Profit,1,Electronics,Accessories
B-25653,2018-05-08,Farah,Nagaland,Kohima,"Kohima, Nagaland",668.0,-31.0,-0.04640718562874251,Loss,3,Electronics,Printers
B-25653,2018-05-08,Farah,Nagaland,Kohima,"Kohima, Nagaland",227.0,102.0,0.44933920704845814,Profit,8,Electronics,Accessories
B-25654,2018-05-10,Sabah,Maharashtra,Mumbai,"Mumbai, Maharashtra",34.0,12.0,0.35294117647058826,Profit,3,Clothing,Hankerchief
B-25654,2018-05-10,Sabah,Maharashtra,Mumbai,"Mumbai, Maharashtra",229.0,-23.0,-0.10043668122270742,Loss,2,Clothing,Saree
B-25654,2018-05-10,Sabah,Maharashtra,Mumbai,"Mumbai, Maharashtra",54.0,-3.0,-0.05555555555555555,Loss,3,Clothing,Saree
B-25654,2018-05-10,Sabah,Maharashtra,Mumbai,"Mumbai, Maharashtra",269.0,-86.0,-0.31970260223048325,Loss,2,Electronics,Electronic Games
B-25654,2018-05-10,Sabah,Maharashtra,Mumbai,"Mumbai, Maharashtra",122.0,-21.0,-0.1721311475409836,Loss,3,Furniture,Furnishings
B-25654,2018-05-10,Sabah,Maharashtra,Mumbai,"Mumbai, Maharashtra",105.0,46.0,0.4380952380952381,Profit,2,Clothing,Stole
B-25654,2018-05-10,Sabah,Maharashtra,Mumbai,"Mumbai, Maharashtra",450.0,-90.0,-0.2,Loss,3,Electronics,Printers
B-25654,2018-05-10,Sabah,Maharashtra,Mumbai,"Mumbai, Maharashtra",121.0,-17.0,-0.14049586776859505,Loss,3,Furniture,Furnishings
B-25655,2018-05-11,Nida,Madhya Pradesh,Indore,"Indore, Madhya Pradesh",44.0,-26.0,-0.5909090909090909,Loss,3,Clothing,Hankerchief
B-25655,2018-05-11,Nida,Madhya Pradesh,Indore,"Indore, Madhya Pradesh",7.0,-4.0,-0.5714285714285714,Loss,3,Clothing,Hankerchief
B-25655,2018-05-11,Nida,Madhya Pradesh,Indore,"Indore, Madhya Pradesh",396.0,-31.0,-0.07828282828282829,Loss,9,Clothing,Saree
B-25655,2018-05-11,Nida,Madhya Pradesh,Indore,"Indore, Madhya Pradesh",97.0,-62.0,-0.6391752577319587,Loss,2,Clothing,Trousers
B-25655,2018-05-11,Nida,Madhya Pradesh,Indore,"Indore, Madhya Pradesh",110.0,-68.0,-0.6181818181818182,Loss,4,Clothing,Saree
B-25655,2018-05-11,Nida,Madhya Pradesh,Indore,"Indore, Madhya Pradesh",312.0,-312.0,-1,Loss,7,Furniture,Chairs
B-25655,2018-05-11,Nida,Madhya Pradesh,Indore,"Indore, Madhya Pradesh",9.0,-6.0,-0.6666666666666666,Loss,2,Clothing,Skirt
B-25655,2018-05-11,Nida,Madhya Pradesh,Indore,"Indore, Madhya Pradesh",6.0,-3.0,-0.5,Loss,1,Clothing,Hankerchief
B-25655,2018-05-11,Nida,Madhya Pradesh,Indore,"Indore, Madhya Pradesh",74.0,23.0,0.3108108108108108,Profit,8,Clothing,Skirt
B-25656,2018-05-11,Priyanka,Maharashtra,Pune,"Pune, Maharashtra",534.0,0.0,0,Break-Even,3,Clothing,Saree
B-25656,2018-05-11,Priyanka,Maharashtra,Pune,"Pune, Maharashtra",30.0,-5.0,-0.16666666666666666,Loss,5,Clothing,Stole
B-25656,2018-05-11,Priyanka,Maharashtra,Pune,"Pune, Maharashtra",61.0,-23.0,-0.3770491803278688,Loss,2,Clothing,Saree
B-25656,2018-05-11,Priyanka,Maharashtra,Pune,"Pune, Maharashtra",6.0,3.0,0.5,Profit,1,Clothing,Hankerchief
B-25656,2018-05-11,Priyanka,Maharashtra,Pune,"Pune, Maharashtra",24.0,-1.0,-0.041666666666666664,Loss,2,Clothing,Hankerchief
B-25656,2018-05-11,Priyanka,Maharashtra,Pune,"Pune, Maharashtra",56.0,18.0,0.32142857142857145,Profit,2,Clothing,Hankerchief
B-25656,2018-05-11,Priyanka,Maharashtra,Pune,"Pune, Maharashtra",406.0,126.0,0.3103448275862069,Profit,2,Clothing,Saree
B-25656,2018-05-11,Priyanka,Maharashtra,Pune,"Pune, Maharashtra",624.0,37.0,0.05929487179487179,Profit,2,Electronics,Electronic Games
B-25656,2018-05-11,Priyanka,Maharashtra,Pune,"Pune, Maharashtra",101.0,18.0,0.1782178217821782,Profit,9,Clothing,Skirt
B-25656,2018-05-11,Priyanka,Maharashtra,Pune,"Pune, Maharashtra",1389.0,680.0,0.4895608351331893,Profit,7,Clothing,Saree
B-25656,2018-05-11,Priyanka,Maharashtra,Pune,"Pune, Maharashtra",651.0,169.0,0.25960061443932414,Profit,5,Electronics,Printers
B-25656,2018-05-11,Priyanka,Maharashtra,Pune,"Pune, Maharashtra",13.0,-1.0,-0.07692307692307693,Loss,3,Clothing,Hankerchief
B-25657,2018-05-13,Tulika,Madhya Pradesh,Bhopal,"Bhopal, Madhya Pradesh",1021.0,-48.0,-0.04701273261508325,Loss,4,Electronics,Electronic Games
B-25657,2018-05-13,Tulika,Madhya Pradesh,Bhopal,"Bhopal, Madhya Pradesh",32.0,-22.0,-0.6875,Loss,5,Clothing,Saree
B-25657,2018-05-13,Tulika,Madhya Pradesh,Bhopal,"Bhopal, Madhya Pradesh",332.0,-43.0,-0.12951807228915663,Loss,6,Electronics,Phones
B-25657,2018-05-13,Tulika,Madhya Pradesh,Bhopal,"Bhopal, Madhya Pradesh",288.0,-180.0,-0.625,Loss,4,Furniture,Chairs
B-25658,2018-05-14,Shefali,Rajasthan,Jaipur,"Jaipur, Rajasthan",27.0,9.0,0.3333333333333333,Profit,2,Clothing,T-shirt
B-25659,2018-05-15,Sanskriti,West Bengal,Kolkata,"Kolkata, West Bengal",148.0,72.0,0.4864864864864865,Profit,7,Clothing,T-shirt
B-25660,2018-05-16,Shruti,Karnataka,Bangalore,"Bangalore, Karnataka",245.0,-78.0,-0.3183673469387755,Loss,3,Clothing,Saree
B-25661,2018-05-17,Subhashree,Jammu and Kashmir,Kashmir,"Kashmir, Jammu and Kashmir",19.0,-15.0,-0.7894736842105263,Loss,3,Clothing,Hankerchief
B-25661,2018-05-17,Subhashree,Jammu and Kashmir,Kashmir,"Kashmir, Jammu and Kashmir",224.0,-81.0,-0.36160714285714285,Loss,3,Furniture,Chairs
B-25661,2018-05-17,Subhashree,Jammu and Kashmir,Kashmir,"Kashmir, Jammu and Kashmir",58.0,-42.0,-0.7241379310344828,Loss,2,Furniture,Chairs
B-25661,2018-05-17,Subhashree,Jammu and Kashmir,Kashmir,"Kashmir, Jammu and Kashmir",145.0,-104.0,-0.7172413793103448,Loss,5,Furniture,Chairs
B-25661,2018-05-17,Subhashree,Jammu and Kashmir,Kashmir,"Kashmir, Jammu and Kashmir",55.0,-33.0,-0.6,Loss,2,Furniture,Chairs
B-25661,2018-05-17,Subhashree,Jammu and Kashmir,Kashmir,"Kashmir, Jammu and Kashmir",7.0,-1.0,-0.14285714285714285,Loss,2,Clothing,Hankerchief
B-25662,2018-05-17,Sweta,Maharashtra,Mumbai,"Mumbai, Maharashtra",24.0,-2.0,-0.08333333333333333,Loss,2,Clothing,T-shirt
B-25662,2018-05-17,Sweta,Maharashtra,Mumbai,"Mumbai, Maharashtra",86.0,-21.0,-0.2441860465116279,Loss,1,Electronics,Electronic Games
B-25662,2018-05-17,Sweta,Maharashtra,Mumbai,"Mumbai, Maharashtra",385.0,-77.0,-0.2,Loss,11,Furniture,Furnishings
B-25663,2018-05-19,Pournamasi,Madhya Pradesh,Indore,"Indore, Madhya Pradesh",294.0,138.0,0.46938775510204084,Profit,2,Electronics,Printers
B-25664,2018-05-20,Pratyusmita,Bihar,Patna,"Patna, Bihar",444.0,-200.0,-0.45045045045045046,Loss,4,Electronics,Phones
B-25664,2018-05-20,Pratyusmita,Bihar,Patna,"Patna, Bihar",785.0,52.0,0.06624203821656051,Profit,2,Electronics,Phones
B-25664,2018-05-20,Pratyusmita,Bihar,Patna,"Patna, Bihar",258.0,-27.0,-0.10465116279069768,Loss,2,Electronics,Phones
B-25664,2018-05-20,Pratyusmita,Bihar,Patna,"Patna, Bihar",83.0,-48.0,-0.5783132530120482,Loss,1,Furniture,Bookcases
B-25665,2018-05-21,Chayanika,Kerala ,Thiruvananthapuram,"Thiruvananthapuram, Kerala ",166.0,-113.0,-0.6807228915662651,Loss,4,Electronics,Accessories
B-25666,2018-05-22,Tanvi,Punjab,Chandigarh,"Chandigarh, Punjab",934.0,-916.0,-0.9807280513918629,Loss,7,Electronics,Electronic Games
B-25667,2018-05-23,Anjali,Haryana,Chandigarh,"Chandigarh, Haryana",11.0,-2.0,-0.18181818181818182,Loss,4,Clothing,Hankerchief
B-25667,2018-05-23,Anjali,Haryana,Chandigarh,"Chandigarh, Haryana",41.0,6.0,0.14634146341463414,Profit,5,Clothing,Skirt
B-25667,2018-05-23,Anjali,Haryana,Chandigarh,"Chandigarh, Haryana",344.0,-34.0,-0.09883720930232558,Loss,3,Clothing,Saree
B-25667,2018-05-23,Anjali,Haryana,Chandigarh,"Chandigarh, Haryana",1030.0,206.0,0.2,Profit,8,Electronics,Printers
B-25667,2018-05-23,Anjali,Haryana,Chandigarh,"Chandigarh, Haryana",516.0,69.0,0.13372093023255813,Profit,4,Furniture,Bookcases
B-25668,2018-05-24,Rhea,Himachal Pradesh,Simla,"Simla, Himachal Pradesh",123.0,17.0,0.13821138211382114,Profit,3,Furniture,Furnishings
B-25669,2018-05-25,Piyali,Sikkim,Gangtok,"Gangtok, Sikkim",610.0,-66.0,-0.10819672131147541,Loss,2,Furniture,Tables
B-25670,2018-05-25,Charika,Goa,Goa,"Goa, Goa",74.0,29.0,0.3918918918918919,Profit,3,Clothing,Stole
B-25670,2018-05-25,Charika,Goa,Goa,"Goa, Goa",24.0,1.0,0.041666666666666664,Profit,2,Clothing,Hankerchief
B-25670,2018-05-25,Charika,Goa,Goa,"Goa, Goa",14.0,2.0,0.14285714285714285,Profit,1,Clothing,Hankerchief
B-25670,2018-05-25,Charika,Goa,Goa,"Goa, Goa",656.0,-36.0,-0.054878048780487805,Loss,2,Furniture,Bookcases
B-25671,2018-05-27,Mitali,Nagaland,Kohima,"Kohima, Nagaland",832.0,0.0,0,Break-Even,3,Clothing,Trousers
B-25672,2018-05-28,Akanksha,Andhra Pradesh,Hyderabad,"Hyderabad, Andhra Pradesh",27.0,-15.0,-0.5555555555555556,Loss,1,Clothing,Stole
B-25673,2018-05-28,Arsheen,Gujarat,Ahmedabad,"Ahmedabad, Gujarat",143.0,-124.0,-0.8671328671328671,Loss,5,Clothing,Saree
B-25673,2018-05-28,Arsheen,Gujarat,Ahmedabad,"Ahmedabad, Gujarat",44.0,-17.0,-0.38636363636363635,Loss,5,Clothing,Saree
B-25673,2018-05-28,Arsheen,Gujarat,Ahmedabad,"Ahmedabad, Gujarat",45.0,-2.0,-0.044444444444444446,Loss,4,Clothing,Shirt
B-25673,2018-05-28,Arsheen,Gujarat,Ahmedabad,"Ahmedabad, Gujarat",16.0,-1.0,-0.0625,Loss,1,Clothing,Saree
B-25673,2018-05-28,Arsheen,Gujarat,Ahmedabad,"Ahmedabad, Gujarat",37.0,-5.0,-0.13513513513513514,Loss,3,Clothing,T-shirt
B-25674,2018-05-28,Mahima,Maharashtra,Pune,"Pune, Maharashtra",17.0,-12.0,-0.7058823529411765,Loss,5,Clothing,Skirt
B-25675,2018-05-31,Shreya,Madhya Pradesh,Bhopal,"Bhopal, Madhya Pradesh",929.0,-93.0,-0.10010764262648009,Loss,9,Clothing,Saree
B-25676,2018-06-01,Chandni,Rajasthan,Jaipur,"Jaipur, Rajasthan",342.0,-103.0,-0.30116959064327486,Loss,4,Electronics,Electronic Games
B-25676,2018-06-01,Chandni,Rajasthan,Jaipur,"Jaipur, Rajasthan",1263.0,-56.0,-0.04433887569279493,Loss,5,Clothing,Trousers
B-25676,2018-06-01,Chandni,Rajasthan,Jaipur,"Jaipur, Rajasthan",674.0,-187.0,-0.2774480712166172,Loss,2,Furniture,Tables
B-25676,2018-06-01,Chandni,Rajasthan,Jaipur,"Jaipur, Rajasthan",32.0,6.0,0.1875,Profit,3,Clothing,Shirt
B-25676,2018-06-01,Chandni,Rajasthan,Jaipur,"Jaipur, Rajasthan",79.0,36.0,0.45569620253164556,Profit,4,Clothing,Shirt
B-25677,2018-06-02,Ekta,West Bengal,Kolkata,"Kolkata, West Bengal",20.0,-2.0,-0.1,Loss,1,Electronics,Accessories
B-25678,2018-06-03,Bathina,Karnataka,Bangalore,"Bangalore, Karnataka",64.0,-7.0,-0.109375,Loss,3,Clothing,Saree
B-25678,2018-06-03,Bathina,Karnataka,Bangalore,"Bangalore, Karnataka",7.0,-3.0,-0.42857142857142855,Loss,2,Clothing,Skirt
B-25678,2018-06-03,Bathina,Karnataka,Bangalore,"Bangalore, Karnataka",327.0,-39.0,-0.11926605504587157,Loss,1,Electronics,Phones
B-25678,2018-06-03,Bathina,Karnataka,Bangalore,"Bangalore, Karnataka",27.0,-25.0,-0.9259259259259259,Loss,2,Clothing,Shirt
B-25679,2018-06-04,Avni,Maharashtra,Mumbai,"Mumbai, Maharashtra",76.0,-50.0,-0.6578947368421053,Loss,1,Clothing,Saree
B-25680,2018-06-04,Aayushi,Madhya Pradesh,Indore,"Indore, Madhya Pradesh",73.0,-25.0,-0.3424657534246575,Loss,3,Clothing,Saree
B-25681,2018-06-04,Bhawna,Madhya Pradesh,Indore,"Indore, Madhya Pradesh",68.0,-27.0,-0.39705882352941174,Loss,3,Electronics,Accessories
B-25681,2018-06-04,Bhawna,Madhya Pradesh,Indore,"Indore, Madhya Pradesh",523.0,204.0,0.390057361376673,Profit,7,Clothing,Trousers
B-25681,2018-06-04,Bhawna,Madhya Pradesh,Indore,"Indore, Madhya Pradesh",44.0,-3.0,-0.06818181818181818,Loss,1,Clothing,Saree
B-25681,2018-06-04,Bhawna,Madhya Pradesh,Indore,"Indore, Madhya Pradesh",243.0,-14.0,-0.05761316872427984,Loss,2,Furniture,Chairs
B-25681,2018-06-04,Bhawna,Madhya Pradesh,Indore,"Indore, Madhya Pradesh",1625.0,-77.0,-0.047384615384615386,Loss,3,Electronics,Phones
B-25681,2018-06-04,Bhawna,Madhya Pradesh,Indore,"Indore, Madhya Pradesh",1096.0,-658.0,-0.6003649635036497,Loss,7,Electronics,Electronic Games
B-25682,2018-06-07,Krutika,Bihar,Patna,"Patna, Bihar",545.0,-73.0,-0.13394495412844037,Loss,11,Electronics,Phones
B-25683,2018-06-08,Shreya,Kerala ,Thiruvananthapuram,"Thiruvananthapuram, Kerala ",433.0,26.0,0.06004618937644342,Profit,3,Electronics,Printers
B-25683,2018-06-08,Shreya,Kerala ,Thiruvananthapuram,"Thiruvananthapuram, Kerala ",245.0,-3.0,-0.012244897959183673,Loss,4,Electronics,Phones
B-25683,2018-06-08,Shreya,Kerala ,Thiruvananthapuram,"Thiruvananthapuram, Kerala ",155.0,56.0,0.36129032258064514,Profit,3,Furniture,Furnishings
B-25683,2018-06-08,Shreya,Kerala ,Thiruvananthapuram,"Thiruvananthapuram, Kerala ",148.0,52.0,0.35135135135135137,Profit,5,Clothing,Stole
B-25683,2018-06-08,Shreya,Kerala ,Thiruvananthapuram,"Thiruvananthapuram, Kerala ",86.0,-55.0,-0.6395348837209303,Loss,6,Clothing,Saree
B-25684,2018-06-09,Samiksha,Maharashtra,Mumbai,"Mumbai, Maharashtra",134.0,42.0,0.31343283582089554,Profit,2,Furniture,Chairs
B-25685,2018-06-10,Sheetal,Madhya Pradesh,Indore,"Indore, Madhya Pradesh",51.0,7.0,0.13725490196078433,Profit,2,Furniture,Furnishings
B-25685,2018-06-10,Sheetal,Madhya Pradesh,Indore,"Indore, Madhya Pradesh",529.0,137.0,0.2589792060491493,Profit,3,Electronics,Phones
B-25685,2018-06-10,Sheetal,Madhya Pradesh,Indore,"Indore, Madhya Pradesh",264.0,-30.0,-0.11363636363636363,Loss,3,Furniture,Furnishings
B-25685,2018-06-10,Sheetal,Madhya Pradesh,Indore,"Indore, Madhya Pradesh",45.0,-2.0,-0.044444444444444446,Loss,4,Clothing,Shirt
B-25686,2018-06-11,Pooja,Himachal Pradesh,Simla,"Simla, Himachal Pradesh",381.0,-13.0,-0.03412073490813648,Loss,2,Clothing,Saree
B-25686,2018-06-11,Pooja,Himachal Pradesh,Simla,"Simla, Himachal Pradesh",332.0,-503.0,-1.5150602409638554,Loss,3,Electronics,Printers
B-25686,2018-06-11,Pooja,Himachal Pradesh,Simla,"Simla, Himachal Pradesh",1829.0,-56.0,-0.0306178239475123,Loss,6,Furniture,Tables
B-25687,2018-06-11,Sanjna,Maharashtra,Mumbai,"Mumbai, Maharashtra",17.0,6.0,0.35294117647058826,Profit,1,Clothing,Stole
B-25687,2018-06-11,Sanjna,Maharashtra,Mumbai,"Mumbai, Maharashtra",357.0,139.0,0.38935574229691877,Profit,2,Clothing,Saree
B-25687,2018-06-11,Sanjna,Maharashtra,Mumbai,"Mumbai, Maharashtra",51.0,21.0,0.4117647058823529,Profit,3,Clothing,T-shirt
B-25687,2018-06-11,Sanjna,Maharashtra,Mumbai,"Mumbai, Maharashtra",387.0,-213.0,-0.5503875968992248,Loss,5,Clothing,Saree
B-25687,2018-06-11,Sanjna,Maharashtra,Mumbai,"Mumbai, Maharashtra",14.0,-1.0,-0.07142857142857142,Loss,4,Clothing,Kurti
B-25688,2018-06-11,Swetha,Madhya Pradesh,Indore,"Indore, Madhya Pradesh",352.0,-345.0,-0.9801136363636364,Loss,5,Clothing,Saree
B-25689,2018-06-14,Bhaggyasree,Maharashtra,Mumbai,"Mumbai, Maharashtra",469.0,-459.0,-0.9786780383795309,Loss,3,Electronics,Electronic Games
B-25689,2018-06-14,Bhaggyasree,Maharashtra,Mumbai,"Mumbai, Maharashtra",97.0,17.0,0.17525773195876287,Profit,2,Clothing,Stole
B-25689,2018-06-14,Bhaggyasree,Maharashtra,Mumbai,"Mumbai, Maharashtra",149.0,36.0,0.24161073825503357,Profit,3,Clothing,Stole
B-25690,2018-06-15,Gunjan,Madhya Pradesh,Indore,"Indore, Madhya Pradesh",31.0,10.0,0.3225806451612903,Profit,3,Clothing,Skirt
B-25691,2018-06-16,Akancha,Maharashtra,Mumbai,"Mumbai, Maharashtra",714.0,56.0,0.0784313725490196,Profit,4,Clothing,Saree
B-25691,2018-06-16,Akancha,Maharashtra,Mumbai,"Mumbai, Maharashtra",75.0,-25.0,-0.3333333333333333,Loss,3,Clothing,Stole
B-25691,2018-06-16,Akancha,Maharashtra,Mumbai,"Mumbai, Maharashtra",17.0,-9.0,-0.5294117647058824,Loss,3,Clothing,Stole
B-25692,2018-06-17,Rashmi,Madhya Pradesh,Indore,"Indore, Madhya Pradesh",141.0,28.0,0.19858156028368795,Profit,7,Furniture,Furnishings
B-25693,2018-06-18,Parna,Madhya Pradesh,Bhopal,"Bhopal, Madhya Pradesh",76.0,-72.0,-0.9473684210526315,Loss,9,Clothing,Hankerchief
B-25693,2018-06-18,Parna,Madhya Pradesh,Bhopal,"Bhopal, Madhya Pradesh",632.0,-316.0,-0.5,Loss,6,Clothing,Saree
B-25693,2018-06-18,Parna,Madhya Pradesh,Bhopal,"Bhopal, Madhya Pradesh",32.0,-16.0,-0.5,Loss,6,Clothing,Saree
B-25693,2018-06-18,Parna,Madhya Pradesh,Bhopal,"Bhopal, Madhya Pradesh",68.0,-30.0,-0.4411764705882353,Loss,1,Electronics,Phones
B-25693,2018-06-18,Parna,Madhya Pradesh,Bhopal,"Bhopal, Madhya Pradesh",82.0,-39.0,-0.47560975609756095,Loss,5,Clothing,T-shirt
B-25693,2018-06-18,Parna,Madhya Pradesh,Bhopal,"Bhopal, Madhya Pradesh",72.0,-49.0,-0.6805555555555556,Loss,1,Electronics,Phones
B-25693,2018-06-18,Parna,Madhya Pradesh,Bhopal,"Bhopal, Madhya Pradesh",13.0,-13.0,-1,Loss,2,Clothing,Skirt
B-25694,2018-06-18,Subhasmita,Rajasthan,Jaipur,"Jaipur, Rajasthan",167.0,43.0,0.25748502994011974,Profit,7,Clothing,T-shirt
B-25695,2018-06-18,Suhani,West Bengal,Kolkata,"Kolkata, West Bengal",171.0,14.0,0.08187134502923976,Profit,9,Clothing,Shirt
B-25696,2018-06-21,Noopur,Karnataka,Bangalore,"Bangalore, Karnataka",117.0,-6.0,-0.05128205128205128,Loss,3,Electronics,Phones
B-25696,2018-06-21,Noopur,Karnataka,Bangalore,"Bangalore, Karnataka",116.0,-4.0,-0.034482758620689655,Loss,1,Clothing,Saree
B-25696,2018-06-21,Noopur,Karnataka,Bangalore,"Bangalore, Karnataka",887.0,80.0,0.09019165727170236,Profit,3,Electronics,Printers
B-25696,2018-06-21,Noopur,Karnataka,Bangalore,"Bangalore, Karnataka",275.0,-275.0,-1,Loss,4,Clothing,Saree
B-25696,2018-06-21,Noopur,Karnataka,Bangalore,"Bangalore, Karnataka",44.0,7.0,0.1590909090909091,Profit,3,Clothing,Kurti
B-25696,2018-06-21,Noopur,Karnataka,Bangalore,"Bangalore, Karnataka",168.0,-9.0,-0.05357142857142857,Loss,3,Clothing,Saree
B-25697,2018-06-22,Vijay,Jammu and Kashmir,Kashmir,"Kashmir, Jammu and Kashmir",114.0,8.0,0.07017543859649122,Profit,3,Electronics,Accessories
B-25697,2018-06-22,Vijay,Jammu and Kashmir,Kashmir,"Kashmir, Jammu and Kashmir",1300.0,-16.0,-0.012307692307692308,Loss,8,Electronics,Printers
B-25697,2018-06-22,Vijay,Jammu and Kashmir,Kashmir,"Kashmir, Jammu and Kashmir",4.0,-3.0,-0.75,Loss,1,Clothing,Skirt
B-25697,2018-06-22,Vijay,Jammu and Kashmir,Kashmir,"Kashmir, Jammu and Kashmir",73.0,-7.0,-0.0958904109589041,Loss,1,Electronics,Phones
B-25697,2018-06-22,Vijay,Jammu and Kashmir,Kashmir,"Kashmir, Jammu and Kashmir",67.0,-42.0,-0.6268656716417911,Loss,3,Clothing,Stole
B-25697,2018-06-22,Vijay,Jammu and Kashmir,Kashmir,"Kashmir, Jammu and Kashmir",322.0,-193.0,-0.5993788819875776,Loss,5,Electronics,Printers
B-25697,2018-06-22,Vijay,Jammu and Kashmir,Kashmir,"Kashmir, Jammu and Kashmir",115.0,-39.0,-0.3391304347826087,Loss,3,Clothing,Trousers
B-25698,2018-06-23,Amisha,Tamil Nadu,Chennai,"Chennai, Tamil Nadu",87.0,-83.0,-0.9540229885057471,Loss,5,Clothing,Kurti
B-25698,2018-06-23,Amisha,Tamil Nadu,Chennai,"Chennai, Tamil Nadu",27.0,-6.0,-0.2222222222222222,Loss,4,Clothing,Hankerchief
B-25698,2018-06-23,Amisha,Tamil Nadu,Chennai,"Chennai, Tamil Nadu",207.0,-153.0,-0.7391304347826086,Loss,3,Clothing,Saree
B-25698,2018-06-23,Amisha,Tamil Nadu,Chennai,"Chennai, Tamil Nadu",516.0,-392.0,-0.7596899224806202,Loss,8,Furniture,Chairs
B-25698,2018-06-23,Amisha,Tamil Nadu,Chennai,"Chennai, Tamil Nadu",7.0,-2.0,-0.2857142857142857,Loss,1,Clothing,Hankerchief
B-25698,2018-06-23,Amisha,Tamil Nadu,Chennai,"Chennai, Tamil Nadu",65.0,-16.0,-0.24615384615384617,Loss,2,Electronics,Phones
B-25699,2018-06-24,Kritika,Uttar Pradesh,Lucknow,"Lucknow, Uttar Pradesh",20.0,-22.0,-1.1,Loss,1,Furniture,Furnishings
B-25699,2018-06-24,Kritika,Uttar Pradesh,Lucknow,"Lucknow, Uttar Pradesh",49.0,-31.0,-0.6326530612244898,Loss,2,Clothing,Stole
B-25699,2018-06-24,Kritika,Uttar Pradesh,Lucknow,"Lucknow, Uttar Pradesh",34.0,-13.0,-0.38235294117647056,Loss,5,Clothing,Leggings
B-25699,2018-06-24,Kritika,Uttar Pradesh,Lucknow,"Lucknow, Uttar Pradesh",21.0,-5.0,-0.23809523809523808,Loss,1,Electronics,Accessories
B-25700,2018-06-25,Shubhi,Maharashtra,Mumbai,"Mumbai, Maharashtra",129.0,-75.0,-0.5813953488372093,Loss,5,Clothing,Shirt
B-25700,2018-06-25,Shubhi,Maharashtra,Mumbai,"Mumbai, Maharashtra",44.0,-32.0,-0.7272727272727273,Loss,3,Clothing,Stole
B-25700,2018-06-25,Shubhi,Maharashtra,Mumbai,"Mumbai, Maharashtra",7.0,-3.0,-0.42857142857142855,Loss,2,Clothing,Hankerchief
B-25701,2018-06-26,Maithilee,Madhya Pradesh,Indore,"Indore, Madhya Pradesh",10.0,-8.0,-0.8,Loss,2,Clothing,Skirt
B-25701,2018-06-26,Maithilee,Madhya Pradesh,Indore,"Indore, Madhya Pradesh",33.0,-29.0,-0.8787878787878788,Loss,3,Clothing,Shirt
B-25701,2018-06-26,Maithilee,Madhya Pradesh,Indore,"Indore, Madhya Pradesh",98.0,-45.0,-0.45918367346938777,Loss,2,Furniture,Chairs
B-25701,2018-06-26,Maithilee,Madhya Pradesh,Indore,"Indore, Madhya Pradesh",33.0,-12.0,-0.36363636363636365,Loss,5,Clothing,Hankerchief
B-25702,2018-06-27,Shaily,Maharashtra,Mumbai,"Mumbai, Maharashtra",75.0,0.0,0,Break-Even,3,Clothing,Shirt
B-25702,2018-06-27,Shaily,Maharashtra,Mumbai,"Mumbai, Maharashtra",424.0,-17.0,-0.04009433962264151,Loss,9,Furniture,Chairs
B-25702,2018-06-27,Shaily,Maharashtra,Mumbai,"Mumbai, Maharashtra",31.0,-3.0,-0.0967741935483871,Loss,4,Clothing,Saree
B-25702,2018-06-27,Shaily,Maharashtra,Mumbai,"Mumbai, Maharashtra",941.0,-203.0,-0.2157279489904357,Loss,3,Furniture,Tables
B-25702,2018-06-27,Shaily,Maharashtra,Mumbai,"Mumbai, Maharashtra",306.0,-147.0,-0.4803921568627451,Loss,3,Clothing,Saree
B-25703,2018-06-28,Ekta,Madhya Pradesh,Indore,"Indore, Madhya Pradesh",42.0,-23.0,-0.5476190476190477,Loss,2,Furniture,Furnishings
B-25703,2018-06-28,Ekta,Madhya Pradesh,Indore,"Indore, Madhya Pradesh",17.0,-3.0,-0.17647058823529413,Loss,2,Clothing,Stole
B-25703,2018-06-28,Ekta,Madhya Pradesh,Indore,"Indore, Madhya Pradesh",32.0,-5.0,-0.15625,Loss,5,Clothing,Hankerchief
B-25703,2018-06-28,Ekta,Madhya Pradesh,Indore,"Indore, Madhya Pradesh",231.0,-190.0,-0.8225108225108225,Loss,9,Clothing,Hankerchief
B-25703,2018-06-28,Ekta,Madhya Pradesh,Indore,"Indore, Madhya Pradesh",22.0,-15.0,-0.6818181818181818,Loss,4,Clothing,Kurti
B-25703,2018-06-28,Ekta,Madhya Pradesh,Indore,"Indore, Madhya Pradesh",97.0,-45.0,-0.4639175257731959,Loss,4,Clothing,Saree
B-25703,2018-06-28,Ekta,Madhya Pradesh,Indore,"Indore, Madhya Pradesh",47.0,-27.0,-0.574468085106383,Loss,4,Clothing,Saree
B-25703,2018-06-28,Ekta,Madhya Pradesh,Indore,"Indore, Madhya Pradesh",186.0,-141.0,-0.7580645161290323,Loss,9,Clothing,Shirt
B-25704,2018-06-29,Riya,Maharashtra,Mumbai,"Mumbai, Maharashtra",126.0,-63.0,-0.5,Loss,3,Electronics,Accessories
B-25704,2018-06-29,Riya,Maharashtra,Mumbai,"Mumbai, Maharashtra",102.0,0.0,0,Break-Even,3,Electronics,Phones
B-25705,2018-06-30,Shweta,Madhya Pradesh,Indore,"Indore, Madhya Pradesh",46.0,0.0,0,Break-Even,2,Electronics,Electronic Games
B-25706,2018-07-01,Swetlana,Goa,Goa,"Goa, Goa",31.0,-11.0,-0.3548387096774194,Loss,4,Clothing,Stole
B-25707,2018-07-01,Shivani,Maharashtra,Mumbai,"Mumbai, Maharashtra",8.0,-6.0,-0.75,Loss,1,Clothing,Stole
B-25708,2018-07-01,Kishwar,Madhya Pradesh,Indore,"Indore, Madhya Pradesh",191.0,13.0,0.06806282722513089,Profit,8,Furniture,Furnishings
B-25708,2018-07-01,Kishwar,Madhya Pradesh,Indore,"Indore, Madhya Pradesh",709.0,-100.0,-0.14104372355430184,Loss,5,Electronics,Phones
B-25708,2018-07-01,Kishwar,Madhya Pradesh,Indore,"Indore, Madhya Pradesh",81.0,-51.0,-0.6296296296296297,Loss,7,Clothing,Stole
B-25708,2018-07-01,Kishwar,Madhya Pradesh,Indore,"Indore, Madhya Pradesh",32.0,-8.0,-0.25,Loss,2,Clothing,Stole
B-25709,2018-07-01,Aakanksha,Madhya Pradesh,Indore,"Indore, Madhya Pradesh",33.0,-12.0,-0.36363636363636365,Loss,7,Clothing,Saree
B-25709,2018-07-01,Aakanksha,Madhya Pradesh,Indore,"Indore, Madhya Pradesh",41.0,-6.0,-0.14634146341463414,Loss,1,Furniture,Chairs
B-25710,2018-07-05,Megha,Maharashtra,Pune,"Pune, Maharashtra",216.0,-38.0,-0.17592592592592593,Loss,6,Furniture,Furnishings
B-25710,2018-07-05,Megha,Maharashtra,Pune,"Pune, Maharashtra",616.0,-69.0,-0.11201298701298701,Loss,7,Furniture,Furnishings
B-25710,2018-07-05,Megha,Maharashtra,Pune,"Pune, Maharashtra",10.0,-1.0,-0.1,Loss,1,Clothing,Leggings
B-25710,2018-07-05,Megha,Maharashtra,Pune,"Pune, Maharashtra",25.0,0.0,0,Break-Even,4,Clothing,Skirt
B-25710,2018-07-05,Megha,Maharashtra,Pune,"Pune, Maharashtra",53.0,-18.0,-0.33962264150943394,Loss,4,Clothing,T-shirt
B-25710,2018-07-05,Megha,Maharashtra,Pune,"Pune, Maharashtra",13.0,-8.0,-0.6153846153846154,Loss,1,Clothing,T-shirt
B-25711,2018-07-06,Sakshi,Madhya Pradesh,Bhopal,"Bhopal, Madhya Pradesh",100.0,-58.0,-0.58,Loss,4,Clothing,Hankerchief
B-25712,2018-07-07,Adhvaita,Rajasthan,Jaipur,"Jaipur, Rajasthan",193.0,-275.0,-1.4248704663212435,Loss,3,Electronics,Phones
B-25713,2018-07-08,Raksha,West Bengal,Kolkata,"Kolkata, West Bengal",158.0,-63.0,-0.3987341772151899,Loss,4,Furniture,Chairs
B-25714,2018-07-09,Stuti,Karnataka,Bangalore,"Bangalore, Karnataka",11.0,-5.0,-0.45454545454545453,Loss,2,Clothing,Hankerchief
B-25714,2018-07-09,Stuti,Karnataka,Bangalore,"Bangalore, Karnataka",340.0,20.0,0.058823529411764705,Profit,7,Clothing,Shirt
B-25715,2018-07-10,Srishti,Jammu and Kashmir,Kashmir,"Kashmir, Jammu and Kashmir",416.0,137.0,0.3293269230769231,Profit,3,Electronics,Phones
B-25716,2018-07-11,Surabhi,Tamil Nadu,Chennai,"Chennai, Tamil Nadu",58.0,0.0,0,Break-Even,4,Clothing,Saree
B-25717,2018-07-12,Manshul,Uttar Pradesh,Lucknow,"Lucknow, Uttar Pradesh",561.0,212.0,0.3778966131907308,Profit,3,Clothing,Saree
B-25717,2018-07-12,Manshul,Uttar Pradesh,Lucknow,"Lucknow, Uttar Pradesh",138.0,-3.0,-0.021739130434782608,Loss,5,Clothing,Saree
B-25717,2018-07-12,Manshul,Uttar Pradesh,Lucknow,"Lucknow, Uttar Pradesh",90.0,17.0,0.18888888888888888,Profit,3,Clothing,Shirt
B-25717,2018-07-12,Manshul,Uttar Pradesh,Lucknow,"Lucknow, Uttar Pradesh",55.0,-33.0,-0.6,Loss,2,Furniture,Chairs
B-25718,2018-07-12,Anjali,Maharashtra,Mumbai,"Mumbai, Maharashtra",371.0,115.0,0.30997304582210244,Profit,1,Furniture,Bookcases
B-25718,2018-07-12,Anjali,Maharashtra,Mumbai,"Mumbai, Maharashtra",460.0,31.0,0.06739130434782609,Profit,3,Furniture,Bookcases
B-25719,2018-07-12,Rashmi,Madhya Pradesh,Indore,"Indore, Madhya Pradesh",29.0,10.0,0.3448275862068966,Profit,2,Clothing,Stole
B-25720,2018-07-15,Namrata,Punjab,Chandigarh,"Chandigarh, Punjab",30.0,-35.0,-1.1666666666666667,Loss,1,Furniture,Chairs
B-25721,2018-07-16,Anchal,Haryana,Chandigarh,"Chandigarh, Haryana",29.0,-18.0,-0.6206896551724138,Loss,7,Clothing,Skirt
B-25721,2018-07-16,Anchal,Haryana,Chandigarh,"Chandigarh, Haryana",191.0,51.0,0.2670157068062827,Profit,5,Clothing,Shirt
B-25721,2018-07-16,Anchal,Haryana,Chandigarh,"Chandigarh, Haryana",149.0,-40.0,-0.2684563758389262,Loss,2,Electronics,Phones
B-25722,2018-07-17,Inderpreet,Himachal Pradesh,Simla,"Simla, Himachal Pradesh",48.0,-8.0,-0.16666666666666666,Loss,8,Clothing,Stole
B-25723,2018-07-18,Wale,Maharashtra,Mumbai,"Mumbai, Maharashtra",26.0,-24.0,-0.9230769230769231,Loss,1,Clothing,Stole
B-25723,2018-07-18,Wale,Maharashtra,Mumbai,"Mumbai, Maharashtra",16.0,-12.0,-0.75,Loss,2,Clothing,Stole
B-25723,2018-07-18,Wale,Maharashtra,Mumbai,"Mumbai, Maharashtra",12.0,-7.0,-0.5833333333333334,Loss,2,Clothing,Leggings
B-25723,2018-07-18,Wale,Maharashtra,Mumbai,"Mumbai, Maharashtra",76.0,-54.0,-0.7105263157894737,Loss,3,Electronics,Electronic Games
B-25724,2018-07-19,Sheetal,Madhya Pradesh,Indore,"Indore, Madhya Pradesh",168.0,-51.0,-0.30357142857142855,Loss,2,Furniture,Bookcases
B-25725,2018-07-20,Anisha,Nagaland,Kohima,"Kohima, Nagaland",23.0,-5.0,-0.21739130434782608,Loss,7,Clothing,Hankerchief
B-25725,2018-07-20,Anisha,Nagaland,Kohima,"Kohima, Nagaland",26.0,-5.0,-0.19230769230769232,Loss,2,Clothing,Stole
B-25725,2018-07-20,Anisha,Nagaland,Kohima,"Kohima, Nagaland",144.0,-7.0,-0.04861111111111111,Loss,4,Electronics,Electronic Games
B-25726,2018-07-21,Kiran,Maharashtra,Mumbai,"Mumbai, Maharashtra",490.0,-128.0,-0.2612244897959184,Loss,8,Furniture,Bookcases
B-25727,2018-07-22,Turumella,Madhya Pradesh,Indore,"Indore, Madhya Pradesh",57.0,-48.0,-0.8421052631578947,Loss,6,Clothing,Leggings
B-25727,2018-07-22,Turumella,Madhya Pradesh,Indore,"Indore, Madhya Pradesh",327.0,114.0,0.3486238532110092,Profit,4,Clothing,Trousers
B-25728,2018-07-22,Ameesha,Maharashtra,Pune,"Pune, Maharashtra",1055.0,264.0,0.2502369668246445,Profit,4,Electronics,Printers
B-25728,2018-07-22,Ameesha,Maharashtra,Pune,"Pune, Maharashtra",771.0,-424.0,-0.5499351491569391,Loss,2,Electronics,Phones
B-25728,2018-07-22,Ameesha,Maharashtra,Pune,"Pune, Maharashtra",322.0,-113.0,-0.35093167701863354,Loss,4,Clothing,Saree
B-25729,2018-07-22,Madhulika,Madhya Pradesh,Bhopal,"Bhopal, Madhya Pradesh",1549.0,-439.0,-0.28340865074241445,Loss,4,Electronics,Phones
B-25730,2018-07-22,Rishabh,Rajasthan,Jaipur,"Jaipur, Rajasthan",1145.0,-706.0,-0.616593886462882,Loss,3,Electronics,Phones
B-25730,2018-07-22,Rishabh,Rajasthan,Jaipur,"Jaipur, Rajasthan",473.0,42.0,0.08879492600422834,Profit,4,Furniture,Chairs
B-25730,2018-07-22,Rishabh,Rajasthan,Jaipur,"Jaipur, Rajasthan",96.0,22.0,0.22916666666666666,Profit,5,Clothing,Stole
B-25730,2018-07-22,Rishabh,Rajasthan,Jaipur,"Jaipur, Rajasthan",18.0,8.0,0.4444444444444444,Profit,2,Clothing,Hankerchief
B-25730,2018-07-22,Rishabh,Rajasthan,Jaipur,"Jaipur, Rajasthan",187.0,30.0,0.16042780748663102,Profit,4,Electronics,Accessories
B-25730,2018-07-22,Rishabh,Rajasthan,Jaipur,"Jaipur, Rajasthan",83.0,-81.0,-0.9759036144578314,Loss,3,Furniture,Chairs
B-25731,2018-07-26,Akash,West Bengal,Kolkata,"Kolkata, West Bengal",131.0,-154.0,-1.1755725190839694,Loss,8,Furniture,Furnishings
B-25732,2018-07-27,Anubhaw,Karnataka,Bangalore,"Bangalore, Karnataka",16.0,-5.0,-0.3125,Loss,2,Clothing,Stole
B-25733,2018-07-28,Dhirajendu,Maharashtra,Mumbai,"Mumbai, Maharashtra",43.0,-43.0,-1,Loss,7,Clothing,Stole
B-25733,2018-07-28,Dhirajendu,Maharashtra,Mumbai,"Mumbai, Maharashtra",30.0,-10.0,-0.3333333333333333,Loss,2,Clothing,Stole
B-25733,2018-07-28,Dhirajendu,Maharashtra,Mumbai,"Mumbai, Maharashtra",23.0,-6.0,-0.2608695652173913,Loss,4,Clothing,Hankerchief
B-25734,2018-07-29,Pranav,Madhya Pradesh,Indore,"Indore, Madhya Pradesh",108.0,-19.0,-0.17592592592592593,Loss,3,Electronics,Electronic Games
B-25735,2018-07-30,Arindam,Uttar Pradesh,Lucknow,"Lucknow, Uttar Pradesh",12.0,-2.0,-0.16666666666666666,Loss,3,Clothing,Hankerchief
B-25735,2018-07-30,Arindam,Uttar Pradesh,Lucknow,"Lucknow, Uttar Pradesh",7.0,-1.0,-0.14285714285714285,Loss,2,Clothing,Skirt
B-25735,2018-07-30,Arindam,Uttar Pradesh,Lucknow,"Lucknow, Uttar Pradesh",15.0,-7.0,-0.4666666666666667,Loss,1,Clothing,Hankerchief
B-25736,2018-07-31,Akshat,Maharashtra,Mumbai,"Mumbai, Maharashtra",31.0,-7.0,-0.22580645161290322,Loss,5,Clothing,Skirt
B-25737,2018-08-01,Shubham,Madhya Pradesh,Indore,"Indore, Madhya Pradesh",187.0,-15.0,-0.08021390374331551,Loss,3,Clothing,Trousers
B-25738,2018-08-02,Ayush,Punjab,Chandigarh,"Chandigarh, Punjab",70.0,-14.0,-0.2,Loss,2,Furniture,Furnishings
B-25738,2018-08-02,Ayush,Punjab,Chandigarh,"Chandigarh, Punjab",72.0,-6.0,-0.08333333333333333,Loss,3,Clothing,Saree
B-25738,2018-08-02,Ayush,Punjab,Chandigarh,"Chandigarh, Punjab",1069.0,0.0,0,Break-Even,6,Clothing,Saree
B-25738,2018-08-02,Ayush,Punjab,Chandigarh,"Chandigarh, Punjab",148.0,-91.0,-0.6148648648648649,Loss,2,Electronics,Phones
B-25739,2018-08-03,Daksh,Haryana,Chandigarh,"Chandigarh, Haryana",133.0,-56.0,-0.42105263157894735,Loss,2,Furniture,Chairs
B-25740,2018-08-03,Rane,Maharashtra,Mumbai,"Mumbai, Maharashtra",40.0,-37.0,-0.925,Loss,3,Clothing,Stole
B-25740,2018-08-03,Rane,Maharashtra,Mumbai,"Mumbai, Maharashtra",7.0,0.0,0,Break-Even,2,Clothing,Skirt
B-25740,2018-08-03,Rane,Maharashtra,Mumbai,"Mumbai, Maharashtra",58.0,-8.0,-0.13793103448275862,Loss,2,Clothing,Saree
B-25741,2018-08-03,Navdeep,Madhya Pradesh,Indore,"Indore, Madhya Pradesh",482.0,-6.0,-0.012448132780082987,Loss,7,Electronics,Electronic Games
B-25742,2018-08-03,Ashwin,Goa,Goa,"Goa, Goa",11.0,-8.0,-0.7272727272727273,Loss,2,Clothing,Skirt
B-25743,2018-08-07,Aman,Nagaland,Kohima,"Kohima, Nagaland",143.0,-124.0,-0.8671328671328671,Loss,5,Clothing,Saree
B-25743,2018-08-07,Aman,Nagaland,Kohima,"Kohima, Nagaland",9.0,-5.0,-0.5555555555555556,Loss,1,Clothing,Saree
B-25743,2018-08-07,Aman,Nagaland,Kohima,"Kohima, Nagaland",503.0,-56.0,-0.11133200795228629,Loss,2,Clothing,Trousers
B-25743,2018-08-07,Aman,Nagaland,Kohima,"Kohima, Nagaland",74.0,-51.0,-0.6891891891891891,Loss,3,Clothing,Stole
B-25743,2018-08-07,Aman,Nagaland,Kohima,"Kohima, Nagaland",56.0,0.0,0,Break-Even,4,Clothing,Hankerchief
B-25744,2018-08-08,Devendra,Andhra Pradesh,Hyderabad,"Hyderabad, Andhra Pradesh",373.0,-254.0,-0.6809651474530831,Loss,6,Electronics,Printers
B-25745,2018-08-09,Kartik,Gujarat,Ahmedabad,"Ahmedabad, Gujarat",44.0,-8.0,-0.18181818181818182,Loss,3,Clothing,Stole
B-25745,2018-08-09,Kartik,Gujarat,Ahmedabad,"Ahmedabad, Gujarat",296.0,-225.0,-0.7601351351351351,Loss,11,Clothing,Saree
B-25745,2018-08-09,Kartik,Gujarat,Ahmedabad,"Ahmedabad, Gujarat",670.0,15.0,0.022388059701492536,Profit,5,Furniture,Bookcases
B-25745,2018-08-09,Kartik,Gujarat,Ahmedabad,"Ahmedabad, Gujarat",132.0,-79.0,-0.5984848484848485,Loss,5,Furniture,Furnishings
B-25746,2018-08-10,Shivam,Maharashtra,Pune,"Pune, Maharashtra",87.0,16.0,0.1839080459770115,Profit,2,Clothing,Saree
B-25747,2018-08-11,Harsh,Madhya Pradesh,Bhopal,"Bhopal, Madhya Pradesh",877.0,395.0,0.45039908779931587,Profit,2,Furniture,Bookcases
B-25748,2018-08-12,Nitant,Rajasthan,Jaipur,"Jaipur, Rajasthan",141.0,10.0,0.07092198581560284,Profit,4,Clothing,Shirt
B-25748,2018-08-12,Nitant,Rajasthan,Jaipur,"Jaipur, Rajasthan",224.0,58.0,0.25892857142857145,Profit,3,Electronics,Phones
B-25748,2018-08-12,Nitant,Rajasthan,Jaipur,"Jaipur, Rajasthan",8.0,-1.0,-0.125,Loss,2,Clothing,Leggings
B-25748,2018-08-12,Nitant,Rajasthan,Jaipur,"Jaipur, Rajasthan",47.0,-21.0,-0.44680851063829785,Loss,2,Electronics,Electronic Games
B-25749,2018-08-13,Ayush,Maharashtra,Mumbai,"Mumbai, Maharashtra",1052.0,-82.0,-0.0779467680608365,Loss,3,Furniture,Bookcases
B-25750,2018-08-14,Priyanshu,Madhya Pradesh,Indore,"Indore, Madhya Pradesh",212.0,-24.0,-0.11320754716981132,Loss,2,Furniture,Chairs
B-25750,2018-08-14,Priyanshu,Madhya Pradesh,Indore,"Indore, Madhya Pradesh",42.0,-15.0,-0.35714285714285715,Loss,12,Clothing,Skirt
B-25750,2018-08-14,Priyanshu,Madhya Pradesh,Indore,"Indore, Madhya Pradesh",208.0,-25.0,-0.1201923076923077,Loss,2,Clothing,Saree
B-25750,2018-08-14,Priyanshu,Madhya Pradesh,Indore,"Indore, Madhya Pradesh",22.0,-12.0,-0.5454545454545454,Loss,3,Clothing,Stole
B-25750,2018-08-14,Priyanshu,Madhya Pradesh,Indore,"Indore, Madhya Pradesh",539.0,-146.0,-0.27087198515769945,Loss,7,Furniture,Furnishings
B-25750,2018-08-14,Priyanshu,Madhya Pradesh,Indore,"Indore, Madhya Pradesh",78.0,-6.0,-0.07692307692307693,Loss,2,Furniture,Furnishings
B-25750,2018-08-14,Priyanshu,Madhya Pradesh,Indore,"Indore, Madhya Pradesh",20.0,-18.0,-0.9,Loss,2,Clothing,Saree
B-25750,2018-08-14,Priyanshu,Madhya Pradesh,Indore,"Indore, Madhya Pradesh",19.0,-1.0,-0.05263157894736842,Loss,1,Clothing,Shirt
B-25750,2018-08-14,Priyanshu,Madhya Pradesh,Indore,"Indore, Madhya Pradesh",73.0,-31.0,-0.4246575342465753,Loss,1,Furniture,Bookcases
B-25751,2018-08-14,Nishant,Maharashtra,Mumbai,"Mumbai, Maharashtra",10.0,-8.0,-0.8,Loss,1,Clothing,Kurti
B-25751,2018-08-14,Nishant,Maharashtra,Mumbai,"Mumbai, Maharashtra",14.0,-3.0,-0.21428571428571427,Loss,2,Clothing,Leggings
B-25751,2018-08-14,Nishant,Maharashtra,Mumbai,"Mumbai, Maharashtra",68.0,-56.0,-0.8235294117647058,Loss,2,Electronics,Phones
B-25751,2018-08-14,Nishant,Maharashtra,Mumbai,"Mumbai, Maharashtra",106.0,0.0,0,Break-Even,2,Electronics,Phones
B-25751,2018-08-14,Nishant,Maharashtra,Mumbai,"Mumbai, Maharashtra",43.0,-5.0,-0.11627906976744186,Loss,2,Clothing,Saree
B-25751,2018-08-14,Nishant,Maharashtra,Mumbai,"Mumbai, Maharashtra",43.0,21.0,0.4883720930232558,Profit,3,Clothing,Shirt
B-25751,2018-08-14,Nishant,Maharashtra,Mumbai,"Mumbai, Maharashtra",534.0,5.0,0.009363295880149813,Profit,2,Electronics,Electronic Games
B-25751,2018-08-14,Nishant,Maharashtra,Mumbai,"Mumbai, Maharashtra",32.0,7.0,0.21875,Profit,3,Clothing,Hankerchief
B-25751,2018-08-14,Nishant,Maharashtra,Mumbai,"Mumbai, Maharashtra",65.0,-4.0,-0.06153846153846154,Loss,6,Clothing,Hankerchief
B-25751,2018-08-14,Nishant,Maharashtra,Mumbai,"Mumbai, Maharashtra",221.0,-15.0,-0.06787330316742081,Loss,2,Electronics,Electronic Games
B-25752,2018-08-14,Vaibhav,Madhya Pradesh,Indore,"Indore, Madhya Pradesh",1361.0,197.0,0.14474650991917706,Profit,9,Furniture,Bookcases
B-25752,2018-08-14,Vaibhav,Madhya Pradesh,Indore,"Indore, Madhya Pradesh",761.0,266.0,0.3495400788436268,Profit,9,Electronics,Electronic Games
B-25752,2018-08-14,Vaibhav,Madhya Pradesh,Indore,"Indore, Madhya Pradesh",76.0,27.0,0.35526315789473684,Profit,5,Clothing,Stole
B-25752,2018-08-14,Vaibhav,Madhya Pradesh,Indore,"Indore, Madhya Pradesh",91.0,15.0,0.16483516483516483,Profit,6,Clothing,T-shirt
B-25752,2018-08-14,Vaibhav,Madhya Pradesh,Indore,"Indore, Madhya Pradesh",8.0,-2.0,-0.25,Loss,2,Clothing,Hankerchief
B-25752,2018-08-14,Vaibhav,Madhya Pradesh,Indore,"Indore, Madhya Pradesh",735.0,-235.0,-0.3197278911564626,Loss,6,Electronics,Printers
B-25752,2018-08-14,Vaibhav,Madhya Pradesh,Indore,"Indore, Madhya Pradesh",33.0,-27.0,-0.8181818181818182,Loss,1,Furniture,Chairs
B-25753,2018-08-17,Shivam,Uttar Pradesh,Lucknow,"Lucknow, Uttar Pradesh",62.0,-56.0,-0.9032258064516129,Loss,5,Clothing,Kurti
B-25753,2018-08-17,Shivam,Uttar Pradesh,Lucknow,"Lucknow, Uttar Pradesh",27.0,-20.0,-0.7407407407407407,Loss,2,Clothing,Hankerchief
B-25753,2018-08-17,Shivam,Uttar Pradesh,Lucknow,"Lucknow, Uttar Pradesh",65.0,-52.0,-0.8,Loss,3,Electronics,Accessories
B-25753,2018-08-17,Shivam,Uttar Pradesh,Lucknow,"Lucknow, Uttar Pradesh",47.0,-114.0,-2.425531914893617,Loss,5,Furniture,Furnishings
B-25753,2018-08-17,Shivam,Uttar Pradesh,Lucknow,"Lucknow, Uttar Pradesh",341.0,-85.0,-0.24926686217008798,Loss,6,Clothing,Trousers
B-25753,2018-08-17,Shivam,Uttar Pradesh,Lucknow,"Lucknow, Uttar Pradesh",107.0,31.0,0.2897196261682243,Profit,5,Clothing,T-shirt
B-25753,2018-08-17,Shivam,Uttar Pradesh,Lucknow,"Lucknow, Uttar Pradesh",154.0,22.0,0.14285714285714285,Profit,7,Clothing,T-shirt
B-25753,2018-08-17,Shivam,Uttar Pradesh,Lucknow,"Lucknow, Uttar Pradesh",620.0,82.0,0.13225806451612904,Profit,6,Electronics,Accessories
B-25753,2018-08-17,Shivam,Uttar Pradesh,Lucknow,"Lucknow, Uttar Pradesh",77.0,-43.0,-0.5584415584415584,Loss,8,Clothing,Stole
B-25754,2018-08-18,Akshay,Bihar,Patna,"Patna, Bihar",72.0,-46.0,-0.6388888888888888,Loss,7,Clothing,Kurti
B-25754,2018-08-18,Akshay,Bihar,Patna,"Patna, Bihar",41.0,-14.0,-0.34146341463414637,Loss,5,Clothing,Leggings
B-25754,2018-08-18,Akshay,Bihar,Patna,"Patna, Bihar",30.0,-23.0,-0.7666666666666667,Loss,2,Clothing,Saree
B-25754,2018-08-18,Akshay,Bihar,Patna,"Patna, Bihar",93.0,-65.0,-0.6989247311827957,Loss,4,Clothing,Stole
B-25754,2018-08-18,Akshay,Bihar,Patna,"Patna, Bihar",19.0,0.0,0,Break-Even,3,Clothing,Skirt
B-25754,2018-08-18,Akshay,Bihar,Patna,"Patna, Bihar",9.0,-1.0,-0.1111111111111111,Loss,3,Clothing,Skirt
B-25754,2018-08-18,Akshay,Bihar,Patna,"Patna, Bihar",319.0,-312.0,-0.9780564263322884,Loss,5,Clothing,Saree
B-25754,2018-08-18,Akshay,Bihar,Patna,"Patna, Bihar",262.0,-215.0,-0.8206106870229007,Loss,2,Electronics,Printers
B-25755,2018-08-19,Shourya,Kerala ,Thiruvananthapuram,"Thiruvananthapuram, Kerala ",37.0,-53.0,-1.4324324324324325,Loss,3,Clothing,Saree
B-25755,2018-08-19,Shourya,Kerala ,Thiruvananthapuram,"Thiruvananthapuram, Kerala ",257.0,-3.0,-0.011673151750972763,Loss,2,Furniture,Bookcases
B-25755,2018-08-19,Shourya,Kerala ,Thiruvananthapuram,"Thiruvananthapuram, Kerala ",80.0,-19.0,-0.2375,Loss,5,Clothing,Stole
B-25755,2018-08-19,Shourya,Kerala ,Thiruvananthapuram,"Thiruvananthapuram, Kerala ",321.0,-315.0,-0.9813084112149533,Loss,5,Clothing,Saree
B-25755,2018-08-19,Shourya,Kerala ,Thiruvananthapuram,"Thiruvananthapuram, Kerala ",47.0,-3.0,-0.06382978723404255,Loss,2,Clothing,Stole
B-25755,2018-08-19,Shourya,Kerala ,Thiruvananthapuram,"Thiruvananthapuram, Kerala ",593.0,213.0,0.3591905564924115,Profit,4,Furniture,Bookcases
B-25755,2018-08-19,Shourya,Kerala ,Thiruvananthapuram,"Thiruvananthapuram, Kerala ",134.0,-34.0,-0.2537313432835821,Loss,2,Furniture,Chairs
B-25755,2018-08-19,Shourya,Kerala ,Thiruvananthapuram,"Thiruvananthapuram, Kerala ",1709.0,564.0,0.33001755412521944,Profit,3,Clothing,Trousers
B-25755,2018-08-19,Shourya,Kerala ,Thiruvananthapuram,"Thiruvananthapuram, Kerala ",27.0,4.0,0.14814814814814814,Profit,2,Clothing,Saree
B-25756,2018-08-20,Mohan,Maharashtra,Mumbai,"Mumbai, Maharashtra",465.0,-33.0,-0.07096774193548387,Loss,4,Electronics,Phones
B-25756,2018-08-20,Mohan,Maharashtra,Mumbai,"Mumbai, Maharashtra",643.0,-45.0,-0.06998444790046657,Loss,2,Electronics,Printers
B-25756,2018-08-20,Mohan,Maharashtra,Mumbai,"Mumbai, Maharashtra",204.0,-276.0,-1.3529411764705883,Loss,3,Furniture,Bookcases
B-25756,2018-08-20,Mohan,Maharashtra,Mumbai,"Mumbai, Maharashtra",729.0,-492.0,-0.6748971193415638,Loss,5,Furniture,Bookcases
B-25756,2018-08-20,Mohan,Maharashtra,Mumbai,"Mumbai, Maharashtra",29.0,-24.0,-0.8275862068965517,Loss,4,Clothing,Leggings
B-25757,2018-08-21,Mohit,Madhya Pradesh,Indore,"Indore, Madhya Pradesh",17.0,-13.0,-0.7647058823529411,Loss,4,Clothing,Skirt
B-25757,2018-08-21,Mohit,Madhya Pradesh,Indore,"Indore, Madhya Pradesh",34.0,-11.0,-0.3235294117647059,Loss,5,Clothing,T-shirt
B-25757,2018-08-21,Mohit,Madhya Pradesh,Indore,"Indore, Madhya Pradesh",98.0,9.0,0.09183673469387756,Profit,2,Furniture,Furnishings
B-25757,2018-08-21,Mohit,Madhya Pradesh,Indore,"Indore, Madhya Pradesh",3151.0,-35.0,-0.011107584893684545,Loss,7,Clothing,Trousers
B-25757,2018-08-21,Mohit,Madhya Pradesh,Indore,"Indore, Madhya Pradesh",53.0,15.0,0.2830188679245283,Profit,2,Clothing,Stole
B-25757,2018-08-21,Mohit,Madhya Pradesh,Indore,"Indore, Madhya Pradesh",165.0,30.0,0.18181818181818182,Profit,3,Clothing,Stole
B-25757,2018-08-21,Mohit,Madhya Pradesh,Indore,"Indore, Madhya Pradesh",211.0,19.0,0.09004739336492891,Profit,8,Clothing,Stole
B-25757,2018-08-21,Mohit,Madhya Pradesh,Indore,"Indore, Madhya Pradesh",106.0,15.0,0.14150943396226415,Profit,7,Clothing,Hankerchief
B-25757,2018-08-21,Mohit,Madhya Pradesh,Indore,"Indore, Madhya Pradesh",14.0,5.0,0.35714285714285715,Profit,1,Clothing,Hankerchief
B-25757,2018-08-21,Mohit,Madhya Pradesh,Indore,"Indore, Madhya Pradesh",17.0,7.0,0.4117647058823529,Profit,3,Clothing,Hankerchief
B-25757,2018-08-21,Mohit,Madhya Pradesh,Indore,"Indore, Madhya Pradesh",46.0,14.0,0.30434782608695654,Profit,5,Clothing,Skirt
B-25758,2018-08-22,Shubham,Himachal Pradesh,Simla,"Simla, Himachal Pradesh",8.0,-2.0,-0.25,Loss,1,Clothing,Stole
B-25759,2018-08-23,Soumya,Sikkim,Gangtok,"Gangtok, Sikkim",20.0,-9.0,-0.45,Loss,6,Clothing,Hankerchief
B-25760,2018-08-24,Pooja,Goa,Goa,"Goa, Goa",322.0,-193.0,-0.5993788819875776,Loss,5,Electronics,Printers
B-25761,2018-08-25,Surabhi,Maharashtra,Mumbai,"Mumbai, Maharashtra",2188.0,1050.0,0.47989031078610606,Profit,5,Furniture,Bookcases
B-25761,2018-08-25,Surabhi,Maharashtra,Mumbai,"Mumbai, Maharashtra",328.0,-15.0,-0.04573170731707317,Loss,3,Electronics,Electronic Games
B-25761,2018-08-25,Surabhi,Maharashtra,Mumbai,"Mumbai, Maharashtra",418.0,70.0,0.1674641148325359,Profit,7,Electronics,Phones
B-25761,2018-08-25,Surabhi,Maharashtra,Mumbai,"Mumbai, Maharashtra",40.0,0.0,0,Break-Even,3,Clothing,Saree
B-25761,2018-08-25,Surabhi,Maharashtra,Mumbai,"Mumbai, Maharashtra",102.0,-90.0,-0.8823529411764706,Loss,1,Clothing,Saree
B-25761,2018-08-25,Surabhi,Maharashtra,Mumbai,"Mumbai, Maharashtra",263.0,-31.0,-0.11787072243346007,Loss,9,Electronics,Electronic Games
B-25762,2018-08-26,Anudeep,Madhya Pradesh,Indore,"Indore, Madhya Pradesh",1316.0,-527.0,-0.4004559270516717,Loss,7,Electronics,Electronic Games
B-25762,2018-08-26,Anudeep,Madhya Pradesh,Indore,"Indore, Madhya Pradesh",27.0,4.0,0.14814814814814814,Profit,3,Clothing,Skirt
B-25762,2018-08-26,Anudeep,Madhya Pradesh,Indore,"Indore, Madhya Pradesh",98.0,-5.0,-0.05102040816326531,Loss,2,Clothing,Saree
B-25763,2018-08-27,Noshiba,Gujarat,Ahmedabad,"Ahmedabad, Gujarat",58.0,-52.0,-0.896551724137931,Loss,3,Furniture,Chairs
B-25764,2018-08-28,Sanjova,Maharashtra,Pune,"Pune, Maharashtra",119.0,43.0,0.36134453781512604,Profit,5,Clothing,T-shirt
B-25764,2018-08-28,Sanjova,Maharashtra,Pune,"Pune, Maharashtra",765.0,-153.0,-0.2,Loss,2,Electronics,Phones
B-25764,2018-08-28,Sanjova,Maharashtra,Pune,"Pune, Maharashtra",26.0,0.0,0,Break-Even,2,Clothing,Kurti
B-25764,2018-08-28,Sanjova,Maharashtra,Pune,"Pune, Maharashtra",24.0,-24.0,-1,Loss,2,Clothing,Saree
B-25765,2018-08-29,Meghana,Madhya Pradesh,Bhopal,"Bhopal, Madhya Pradesh",139.0,14.0,0.10071942446043165,Profit,3,Clothing,Stole
B-25766,2018-08-30,Surabhi,Rajasthan,Jaipur,"Jaipur, Rajasthan",220.0,-19.0,-0.08636363636363636,Loss,2,Clothing,Saree
B-25767,2018-08-31,Ashmeet,West Bengal,Kolkata,"Kolkata, West Bengal",299.0,-28.0,-0.09364548494983277,Loss,3,Electronics,Electronic Games
B-25767,2018-08-31,Ashmeet,West Bengal,Kolkata,"Kolkata, West Bengal",9.0,-9.0,-1,Loss,2,Clothing,Kurti
B-25767,2018-08-31,Ashmeet,West Bengal,Kolkata,"Kolkata, West Bengal",74.0,-59.0,-0.7972972972972973,Loss,2,Electronics,Accessories
B-25767,2018-08-31,Ashmeet,West Bengal,Kolkata,"Kolkata, West Bengal",29.0,-3.0,-0.10344827586206896,Loss,3,Clothing,Saree
B-25767,2018-08-31,Ashmeet,West Bengal,Kolkata,"Kolkata, West Bengal",48.0,-22.0,-0.4583333333333333,Loss,2,Clothing,Saree
B-25768,2018-09-01,Shreyoshe,Karnataka,Bangalore,"Bangalore, Karnataka",1582.0,-443.0,-0.2800252844500632,Loss,6,Clothing,Trousers
B-25769,2018-09-02,Surbhi,Maharashtra,Mumbai,"Mumbai, Maharashtra",355.0,-4.0,-0.011267605633802818,Loss,2,Clothing,Saree
B-25770,2018-09-02,Sakshi,Madhya Pradesh,Indore,"Indore, Madhya Pradesh",375.0,180.0,0.48,Profit,3,Furniture,Bookcases
B-25770,2018-09-02,Sakshi,Madhya Pradesh,Indore,"Indore, Madhya Pradesh",299.0,113.0,0.3779264214046823,Profit,2,Furniture,Bookcases
B-25770,2018-09-02,Sakshi,Madhya Pradesh,Indore,"Indore, Madhya Pradesh",287.0,-280.0,-0.975609756097561,Loss,12,Furniture,Chairs
B-25770,2018-09-02,Sakshi,Madhya Pradesh,Indore,"Indore, Madhya Pradesh",110.0,35.0,0.3181818181818182,Profit,1,Furniture,Furnishings
B-25771,2018-09-02,Vaibhavi,Uttar Pradesh,Lucknow,"Lucknow, Uttar Pradesh",148.0,59.0,0.39864864864864863,Profit,3,Clothing,Hankerchief
B-25772,2018-09-02,Sanjana,Bihar,Patna,"Patna, Bihar",1183.0,106.0,0.08960270498732037,Profit,4,Electronics,Printers
B-25773,2018-09-06,Shreya,Kerala ,Thiruvananthapuram,"Thiruvananthapuram, Kerala ",248.0,-70.0,-0.28225806451612906,Loss,3,Furniture,Chairs
B-25773,2018-09-06,Shreya,Kerala ,Thiruvananthapuram,"Thiruvananthapuram, Kerala ",85.0,-9.0,-0.10588235294117647,Loss,4,Clothing,Saree
B-25773,2018-09-06,Shreya,Kerala ,Thiruvananthapuram,"Thiruvananthapuram, Kerala ",24.0,-14.0,-0.5833333333333334,Loss,2,Clothing,Saree
B-25773,2018-09-06,Shreya,Kerala ,Thiruvananthapuram,"Thiruvananthapuram, Kerala ",209.0,-21.0,-0.10047846889952153,Loss,2,Electronics,Electronic Games
B-25773,2018-09-06,Shreya,Kerala ,Thiruvananthapuram,"Thiruvananthapuram, Kerala ",224.0,-143.0,-0.6383928571428571,Loss,3,Furniture,Chairs
B-25774,2018-09-07,Snehal,Punjab,Chandigarh,"Chandigarh, Punjab",38.0,-6.0,-0.15789473684210525,Loss,2,Furniture,Furnishings
B-25775,2018-09-08,Duhita,Haryana,Chandigarh,"Chandigarh, Haryana",50.0,-17.0,-0.34,Loss,2,Clothing,Stole
B-25776,2018-09-09,Mousam,Maharashtra,Mumbai,"Mumbai, Maharashtra",47.0,-20.0,-0.425531914893617,Loss,2,Clothing,Kurti
B-25777,2018-09-10,Aditi,Madhya Pradesh,Indore,"Indore, Madhya Pradesh",61.0,-25.0,-0.4098360655737705,Loss,4,Electronics,Accessories
B-25777,2018-09-10,Aditi,Madhya Pradesh,Indore,"Indore, Madhya Pradesh",69.0,-67.0,-0.9710144927536232,Loss,4,Clothing,Kurti
B-25777,2018-09-10,Aditi,Madhya Pradesh,Indore,"Indore, Madhya Pradesh",59.0,-46.0,-0.7796610169491526,Loss,7,Clothing,T-shirt
B-25777,2018-09-10,Aditi,Madhya Pradesh,Indore,"Indore, Madhya Pradesh",117.0,17.0,0.1452991452991453,Profit,6,Clothing,Kurti
B-25777,2018-09-10,Aditi,Madhya Pradesh,Indore,"Indore, Madhya Pradesh",1076.0,-38.0,-0.03531598513011153,Loss,4,Electronics,Printers
B-25778,2018-09-11,Surabhi,Maharashtra,Mumbai,"Mumbai, Maharashtra",1506.0,-266.0,-0.17662682602921648,Loss,6,Electronics,Printers
B-25778,2018-09-11,Surabhi,Maharashtra,Mumbai,"Mumbai, Maharashtra",109.0,-6.0,-0.05504587155963303,Loss,6,Clothing,Saree
B-25778,2018-09-11,Surabhi,Maharashtra,Mumbai,"Mumbai, Maharashtra",933.0,166.0,0.17792068595927116,Profit,5,Clothing,Saree
B-25778,2018-09-11,Surabhi,Maharashtra,Mumbai,"Mumbai, Maharashtra",724.0,-447.0,-0.6174033149171271,Loss,4,Electronics,Electronic Games
B-25779,2018-09-12,Savi,Madhya Pradesh,Indore,"Indore, Madhya Pradesh",1361.0,-980.0,-0.7200587803085966,Loss,3,Furniture,Tables
B-25780,2018-09-13,Teena,Andhra Pradesh,Hyderabad,"Hyderabad, Andhra Pradesh",137.0,-41.0,-0.29927007299270075,Loss,3,Electronics,Phones
B-25781,2018-09-14,Rutuja,Gujarat,Ahmedabad,"Ahmedabad, Gujarat",60.0,-49.0,-0.8166666666666667,Loss,8,Clothing,Hankerchief
B-25781,2018-09-14,Rutuja,Gujarat,Ahmedabad,"Ahmedabad, Gujarat",30.0,-25.0,-0.8333333333333334,Loss,2,Clothing,T-shirt
B-25781,2018-09-14,Rutuja,Gujarat,Ahmedabad,"Ahmedabad, Gujarat",767.0,-353.0,-0.4602346805736636,Loss,5,Clothing,Trousers
B-25781,2018-09-14,Rutuja,Gujarat,Ahmedabad,"Ahmedabad, Gujarat",45.0,-28.0,-0.6222222222222222,Loss,2,Clothing,Stole
B-25781,2018-09-14,Rutuja,Gujarat,Ahmedabad,"Ahmedabad, Gujarat",25.0,-1.0,-0.04,Loss,4,Clothing,Kurti
B-25781,2018-09-14,Rutuja,Gujarat,Ahmedabad,"Ahmedabad, Gujarat",584.0,-444.0,-0.7602739726027398,Loss,7,Electronics,Printers
B-25782,2018-09-15,Aayushi,Maharashtra,Mumbai,"Mumbai, Maharashtra",335.0,-22.0,-0.06567164179104477,Loss,7,Furniture,Chairs
B-25783,2018-09-15,Shivangi,Madhya Pradesh,Indore,"Indore, Madhya Pradesh",25.0,-11.0,-0.44,Loss,1,Clothing,Stole
B-25783,2018-09-15,Shivangi,Madhya Pradesh,Indore,"Indore, Madhya Pradesh",30.0,-6.0,-0.2,Loss,2,Clothing,Hankerchief
B-25783,2018-09-15,Shivangi,Madhya Pradesh,Indore,"Indore, Madhya Pradesh",33.0,-10.0,-0.30303030303030304,Loss,6,Clothing,Leggings
B-25783,2018-09-15,Shivangi,Madhya Pradesh,Indore,"Indore, Madhya Pradesh",21.0,-17.0,-0.8095238095238095,Loss,3,Clothing,Shirt
B-25783,2018-09-15,Shivangi,Madhya Pradesh,Indore,"Indore, Madhya Pradesh",26.0,2.0,0.07692307692307693,Profit,2,Clothing,Hankerchief
B-25784,2018-09-15,Rohit,Rajasthan,Jaipur,"Jaipur, Rajasthan",15.0,4.0,0.26666666666666666,Profit,1,Clothing,Hankerchief
B-25785,2018-09-15,Ayush,West Bengal,Kolkata,"Kolkata, West Bengal",595.0,292.0,0.4907563025210084,Profit,3,Clothing,Saree
B-25785,2018-09-15,Ayush,West Bengal,Kolkata,"Kolkata, West Bengal",45.0,0.0,0,Break-Even,2,Clothing,T-shirt
B-25785,2018-09-15,Ayush,West Bengal,Kolkata,"Kolkata, West Bengal",192.0,-146.0,-0.7604166666666666,Loss,3,Clothing,Saree
B-25785,2018-09-15,Ayush,West Bengal,Kolkata,"Kolkata, West Bengal",26.0,-25.0,-0.9615384615384616,Loss,3,Clothing,Saree
B-25786,2018-09-19,Abhishek,Karnataka,Bangalore,"Bangalore, Karnataka",1854.0,433.0,0.23354908306364616,Profit,5,Furniture,Bookcases
B-25786,2018-09-19,Abhishek,Karnataka,Bangalore,"Bangalore, Karnataka",623.0,-192.0,-0.30818619582664525,Loss,3,Furniture,Tables
B-25786,2018-09-19,Abhishek,Karnataka,Bangalore,"Bangalore, Karnataka",44.0,-34.0,-0.7727272727272727,Loss,3,Clothing,Stole
B-25786,2018-09-19,Abhishek,Karnataka,Bangalore,"Bangalore, Karnataka",17.0,-11.0,-0.6470588235294118,Loss,3,Clothing,Skirt
B-25787,2018-09-20,Asish,Jammu and Kashmir,Kashmir,"Kashmir, Jammu and Kashmir",556.0,-209.0,-0.37589928057553956,Loss,7,Clothing,Saree
B-25787,2018-09-20,Asish,Jammu and Kashmir,Kashmir,"Kashmir, Jammu and Kashmir",40.0,-12.0,-0.3,Loss,3,Clothing,Shirt
B-25787,2018-09-20,Asish,Jammu and Kashmir,Kashmir,"Kashmir, Jammu and Kashmir",229.0,-41.0,-0.17903930131004367,Loss,8,Electronics,Accessories
B-25787,2018-09-20,Asish,Jammu and Kashmir,Kashmir,"Kashmir, Jammu and Kashmir",140.0,-58.0,-0.4142857142857143,Loss,4,Furniture,Furnishings
B-25788,2018-09-21,Dinesh,Tamil Nadu,Chennai,"Chennai, Tamil Nadu",12.0,3.0,0.25,Profit,1,Clothing,Stole
B-25789,2018-09-22,Akshay,Uttar Pradesh,Lucknow,"Lucknow, Uttar Pradesh",30.0,0.0,0,Break-Even,1,Clothing,Kurti
B-25789,2018-09-22,Akshay,Uttar Pradesh,Lucknow,"Lucknow, Uttar Pradesh",313.0,-13.0,-0.04153354632587859,Loss,5,Furniture,Bookcases
B-25789,2018-09-22,Akshay,Uttar Pradesh,Lucknow,"Lucknow, Uttar Pradesh",67.0,-86.0,-1.2835820895522387,Loss,9,Furniture,Furnishings
B-25790,2018-09-23,Sajal,Bihar,Patna,"Patna, Bihar",42.0,-3.0,-0.07142857142857142,Loss,1,Electronics,Electronic Games
B-25791,2018-09-24,Avish,Kerala ,Thiruvananthapuram,"Thiruvananthapuram, Kerala ",253.0,-63.0,-0.2490118577075099,Loss,2,Clothing,Saree
B-25791,2018-09-24,Avish,Kerala ,Thiruvananthapuram,"Thiruvananthapuram, Kerala ",565.0,66.0,0.1168141592920354,Profit,7,Clothing,Saree
B-25791,2018-09-24,Avish,Kerala ,Thiruvananthapuram,"Thiruvananthapuram, Kerala ",175.0,77.0,0.44,Profit,3,Clothing,Saree
B-25792,2018-09-24,Abhishek,Maharashtra,Mumbai,"Mumbai, Maharashtra",74.0,-25.0,-0.33783783783783783,Loss,3,Clothing,Stole
B-25793,2018-09-24,Siddharth,Madhya Pradesh,Indore,"Indore, Madhya Pradesh",40.0,-33.0,-0.825,Loss,5,Clothing,Hankerchief
B-25793,2018-09-24,Siddharth,Madhya Pradesh,Indore,"Indore, Madhya Pradesh",63.0,-24.0,-0.38095238095238093,Loss,6,Clothing,Kurti
B-25793,2018-09-24,Siddharth,Madhya Pradesh,Indore,"Indore, Madhya Pradesh",60.0,-12.0,-0.2,Loss,4,Clothing,Hankerchief
B-25793,2018-09-24,Siddharth,Madhya Pradesh,Indore,"Indore, Madhya Pradesh",257.0,-252.0,-0.980544747081712,Loss,4,Clothing,Saree
B-25793,2018-09-24,Siddharth,Madhya Pradesh,Indore,"Indore, Madhya Pradesh",24.0,-1.0,-0.041666666666666664,Loss,4,Clothing,Skirt
B-25793,2018-09-24,Siddharth,Madhya Pradesh,Indore,"Indore, Madhya Pradesh",18.0,1.0,0.05555555555555555,Profit,3,Clothing,Hankerchief
B-25793,2018-09-24,Siddharth,Madhya Pradesh,Indore,"Indore, Madhya Pradesh",1402.0,109.0,0.07774607703281027,Profit,11,Clothing,Saree
B-25794,2018-09-24,Aditya,Himachal Pradesh,Simla,"Simla, Himachal Pradesh",176.0,37.0,0.21022727272727273,Profit,6,Electronics,Accessories
B-25795,2018-09-24,Sukant,Sikkim,Gangtok,"Gangtok, Sikkim",276.0,-21.0,-0.07608695652173914,Loss,2,Electronics,Phones
B-25796,2018-09-24,Sukrith,Maharashtra,Mumbai,"Mumbai, Maharashtra",37.0,-6.0,-0.16216216216216217,Loss,1,Clothing,Saree
B-25796,2018-09-24,Sukrith,Maharashtra,Mumbai,"Mumbai, Maharashtra",28.0,1.0,0.03571428571428571,Profit,1,Electronics,Accessories
B-25796,2018-09-24,Sukrith,Maharashtra,Mumbai,"Mumbai, Maharashtra",239.0,-162.0,-0.6778242677824268,Loss,5,Furniture,Chairs
B-25796,2018-09-24,Sukrith,Maharashtra,Mumbai,"Mumbai, Maharashtra",78.0,-64.0,-0.8205128205128205,Loss,7,Clothing,Stole
B-25796,2018-09-24,Sukrith,Maharashtra,Mumbai,"Mumbai, Maharashtra",632.0,-316.0,-0.5,Loss,6,Clothing,Saree
B-25796,2018-09-24,Sukrith,Maharashtra,Mumbai,"Mumbai, Maharashtra",559.0,-19.0,-0.03398926654740608,Loss,2,Clothing,Trousers
B-25796,2018-09-24,Sukrith,Maharashtra,Mumbai,"Mumbai, Maharashtra",148.0,0.0,0,Break-Even,3,Clothing,Saree
B-25797,2018-09-30,Sauptik,Madhya Pradesh,Indore,"Indore, Madhya Pradesh",976.0,293.0,0.30020491803278687,Profit,4,Electronics,Accessories
B-25797,2018-09-30,Sauptik,Madhya Pradesh,Indore,"Indore, Madhya Pradesh",148.0,-101.0,-0.6824324324324325,Loss,2,Furniture,Bookcases
B-25797,2018-09-30,Sauptik,Madhya Pradesh,Indore,"Indore, Madhya Pradesh",413.0,-314.0,-0.7602905569007264,Loss,9,Furniture,Chairs
B-25797,2018-09-30,Sauptik,Madhya Pradesh,Indore,"Indore, Madhya Pradesh",89.0,-4.0,-0.0449438202247191,Loss,5,Clothing,Saree
B-25797,2018-09-30,Sauptik,Madhya Pradesh,Indore,"Indore, Madhya Pradesh",1630.0,-802.0,-0.4920245398773006,Loss,5,Furniture,Tables
B-25797,2018-09-30,Sauptik,Madhya Pradesh,Indore,"Indore, Madhya Pradesh",31.0,1.0,0.03225806451612903,Profit,2,Clothing,Hankerchief
B-25798,2018-10-01,Shishu,Andhra Pradesh,Hyderabad,"Hyderabad, Andhra Pradesh",379.0,63.0,0.1662269129287599,Profit,2,Clothing,Saree
B-25798,2018-10-01,Shishu,Andhra Pradesh,Hyderabad,"Hyderabad, Andhra Pradesh",448.0,148.0,0.33035714285714285,Profit,2,Electronics,Printers
B-25798,2018-10-01,Shishu,Andhra Pradesh,Hyderabad,"Hyderabad, Andhra Pradesh",2830.0,-1981.0,-0.7,Loss,13,Furniture,Bookcases
B-25798,2018-10-01,Shishu,Andhra Pradesh,Hyderabad,"Hyderabad, Andhra Pradesh",47.0,-3.0,-0.06382978723404255,Loss,2,Clothing,Stole
B-25798,2018-10-01,Shishu,Andhra Pradesh,Hyderabad,"Hyderabad, Andhra Pradesh",38.0,-13.0,-0.34210526315789475,Loss,3,Clothing,Stole
B-25798,2018-10-01,Shishu,Andhra Pradesh,Hyderabad,"Hyderabad, Andhra Pradesh",61.0,-50.0,-0.819672131147541,Loss,4,Clothing,Hankerchief
B-25799,2018-10-01,Divyansh,Gujarat,Ahmedabad,"Ahmedabad, Gujarat",205.0,-119.0,-0.5804878048780487,Loss,3,Clothing,Saree
B-25799,2018-10-01,Divyansh,Gujarat,Ahmedabad,"Ahmedabad, Gujarat",47.0,-27.0,-0.574468085106383,Loss,4,Clothing,Saree
B-25799,2018-10-01,Divyansh,Gujarat,Ahmedabad,"Ahmedabad, Gujarat",45.0,-15.0,-0.3333333333333333,Loss,2,Furniture,Chairs
B-25799,2018-10-01,Divyansh,Gujarat,Ahmedabad,"Ahmedabad, Gujarat",70.0,-64.0,-0.9142857142857143,Loss,5,Clothing,Stole
B-25800,2018-10-01,Ishit,Maharashtra,Pune,"Pune, Maharashtra",122.0,-66.0,-0.5409836065573771,Loss,9,Electronics,Accessories
B-25800,2018-10-01,Ishit,Maharashtra,Pune,"Pune, Maharashtra",21.0,-6.0,-0.2857142857142857,Loss,3,Clothing,Leggings
B-25800,2018-10-01,Ishit,Maharashtra,Pune,"Pune, Maharashtra",45.0,12.0,0.26666666666666666,Profit,7,Clothing,Hankerchief
B-25801,2018-10-01,Aryan,Madhya Pradesh,Bhopal,"Bhopal, Madhya Pradesh",64.0,6.0,0.09375,Profit,4,Clothing,Saree
B-25801,2018-10-01,Aryan,Madhya Pradesh,Bhopal,"Bhopal, Madhya Pradesh",49.0,-31.0,-0.6326530612244898,Loss,2,Clothing,Stole
B-25801,2018-10-01,Aryan,Madhya Pradesh,Bhopal,"Bhopal, Madhya Pradesh",21.0,-10.0,-0.47619047619047616,Loss,4,Clothing,Leggings
B-25801,2018-10-01,Aryan,Madhya Pradesh,Bhopal,"Bhopal, Madhya Pradesh",15.0,-2.0,-0.13333333333333333,Loss,1,Clothing,T-shirt
B-25802,2018-10-05,Yash,Maharashtra,Mumbai,"Mumbai, Maharashtra",27.0,-7.0,-0.25925925925925924,Loss,5,Clothing,Saree
B-25802,2018-10-05,Yash,Maharashtra,Mumbai,"Mumbai, Maharashtra",633.0,-633.0,-1,Loss,11,Electronics,Accessories
B-25802,2018-10-05,Yash,Maharashtra,Mumbai,"Mumbai, Maharashtra",13.0,-9.0,-0.6923076923076923,Loss,2,Clothing,Skirt
B-25802,2018-10-05,Yash,Maharashtra,Mumbai,"Mumbai, Maharashtra",23.0,-3.0,-0.13043478260869565,Loss,1,Clothing,Shirt
B-25802,2018-10-05,Yash,Maharashtra,Mumbai,"Mumbai, Maharashtra",95.0,5.0,0.05263157894736842,Profit,2,Clothing,Stole
B-25803,2018-10-05,Shivanshu,Madhya Pradesh,Indore,"Indore, Madhya Pradesh",106.0,12.0,0.11320754716981132,Profit,3,Clothing,Trousers
B-25803,2018-10-05,Shivanshu,Madhya Pradesh,Indore,"Indore, Madhya Pradesh",269.0,91.0,0.3382899628252788,Profit,1,Electronics,Electronic Games
B-25803,2018-10-05,Shivanshu,Madhya Pradesh,Indore,"Indore, Madhya Pradesh",536.0,91.0,0.16977611940298507,Profit,1,Clothing,Trousers
B-25803,2018-10-05,Shivanshu,Madhya Pradesh,Indore,"Indore, Madhya Pradesh",137.0,5.0,0.0364963503649635,Profit,5,Clothing,Shirt
B-25803,2018-10-05,Shivanshu,Madhya Pradesh,Indore,"Indore, Madhya Pradesh",757.0,371.0,0.4900924702774108,Profit,2,Electronics,Printers
B-25803,2018-10-05,Shivanshu,Madhya Pradesh,Indore,"Indore, Madhya Pradesh",511.0,194.0,0.3796477495107632,Profit,3,Furniture,Chairs
B-25803,2018-10-05,Shivanshu,Madhya Pradesh,Indore,"Indore, Madhya Pradesh",185.0,48.0,0.2594594594594595,Profit,4,Clothing,Stole
B-25803,2018-10-05,Shivanshu,Madhya Pradesh,Indore,"Indore, Madhya Pradesh",765.0,8.0,0.01045751633986928,Profit,6,Clothing,Saree
B-25804,2018-10-05,Sudheer,Karnataka,Bangalore,"Bangalore, Karnataka",156.0,36.0,0.23076923076923078,Profit,5,Clothing,T-shirt
B-25804,2018-10-05,Sudheer,Karnataka,Bangalore,"Bangalore, Karnataka",321.0,26.0,0.08099688473520249,Profit,3,Electronics,Printers
B-25805,2018-10-05,Ankit,Maharashtra,Mumbai,"Mumbai, Maharashtra",112.0,15.0,0.13392857142857142,Profit,2,Furniture,Chairs
B-25806,2018-10-06,Dhanraj,Madhya Pradesh,Indore,"Indore, Madhya Pradesh",632.0,-114.0,-0.18037974683544303,Loss,4,Furniture,Tables
B-25807,2018-10-07,Vipul,Uttar Pradesh,Lucknow,"Lucknow, Uttar Pradesh",16.0,6.0,0.375,Profit,1,Clothing,Stole
B-25808,2018-10-08,Apsingekar,Bihar,Patna,"Patna, Bihar",63.0,17.0,0.2698412698412698,Profit,6,Clothing,Leggings
B-25808,2018-10-08,Apsingekar,Bihar,Patna,"Patna, Bihar",146.0,-63.0,-0.4315068493150685,Loss,3,Electronics,Electronic Games
B-25808,2018-10-08,Apsingekar,Bihar,Patna,"Patna, Bihar",59.0,21.0,0.3559322033898305,Profit,2,Clothing,Stole
B-25808,2018-10-08,Apsingekar,Bihar,Patna,"Patna, Bihar",210.0,50.0,0.23809523809523808,Profit,4,Clothing,Hankerchief
B-25809,2018-10-09,Suman,Kerala ,Thiruvananthapuram,"Thiruvananthapuram, Kerala ",154.0,54.0,0.35064935064935066,Profit,3,Clothing,Hankerchief
B-25809,2018-10-09,Suman,Kerala ,Thiruvananthapuram,"Thiruvananthapuram, Kerala ",53.0,24.0,0.4528301886792453,Profit,1,Clothing,Hankerchief
B-25810,2018-10-10,Nripraj,Punjab,Chandigarh,"Chandigarh, Punjab",26.0,10.0,0.38461538461538464,Profit,4,Clothing,Hankerchief
B-25810,2018-10-10,Nripraj,Punjab,Chandigarh,"Chandigarh, Punjab",1120.0,199.0,0.17767857142857144,Profit,6,Clothing,Saree
B-25810,2018-10-10,Nripraj,Punjab,Chandigarh,"Chandigarh, Punjab",45.0,6.0,0.13333333333333333,Profit,3,Clothing,Shirt
B-25810,2018-10-10,Nripraj,Punjab,Chandigarh,"Chandigarh, Punjab",307.0,74.0,0.24104234527687296,Profit,3,Electronics,Accessories
B-25810,2018-10-10,Nripraj,Punjab,Chandigarh,"Chandigarh, Punjab",92.0,42.0,0.45652173913043476,Profit,2,Clothing,Stole
B-25810,2018-10-10,Nripraj,Punjab,Chandigarh,"Chandigarh, Punjab",29.0,8.0,0.27586206896551724,Profit,5,Clothing,Hankerchief
B-25811,2018-10-10,Utsav,Maharashtra,Mumbai,"Mumbai, Maharashtra",126.0,52.0,0.4126984126984127,Profit,4,Clothing,Hankerchief
B-25812,2018-10-10,Kshitij,Madhya Pradesh,Indore,"Indore, Madhya Pradesh",259.0,47.0,0.18146718146718147,Profit,5,Clothing,Hankerchief
B-25813,2018-10-10,Hrisheekesh,Maharashtra,Mumbai,"Mumbai, Maharashtra",911.0,202.0,0.2217343578485181,Profit,7,Furniture,Chairs
B-25814,2018-10-10,Swapnil,Madhya Pradesh,Indore,"Indore, Madhya Pradesh",118.0,35.0,0.2966101694915254,Profit,7,Clothing,T-shirt
B-25814,2018-10-10,Swapnil,Madhya Pradesh,Indore,"Indore, Madhya Pradesh",462.0,169.0,0.3658008658008658,Profit,4,Clothing,Saree
B-25815,2018-10-10,Harsh,Nagaland,Kohima,"Kohima, Nagaland",35.0,14.0,0.4,Profit,2,Clothing,Stole
B-25816,2018-10-12,Mane,Andhra Pradesh,Hyderabad,"Hyderabad, Andhra Pradesh",391.0,113.0,0.289002557544757,Profit,8,Clothing,Stole
B-25817,2018-10-13,Praneet,Maharashtra,Mumbai,"Mumbai, Maharashtra",743.0,89.0,0.11978465679676985,Profit,5,Electronics,Printers
B-25818,2018-10-14,Sandeep,Madhya Pradesh,Indore,"Indore, Madhya Pradesh",75.0,28.0,0.37333333333333335,Profit,9,Clothing,Hankerchief
B-25818,2018-10-14,Sandeep,Madhya Pradesh,Indore,"Indore, Madhya Pradesh",36.0,0.0,0,Break-Even,4,Clothing,Kurti
B-25818,2018-10-14,Sandeep,Madhya Pradesh,Indore,"Indore, Madhya Pradesh",32.0,11.0,0.34375,Profit,2,Clothing,Leggings
B-25818,2018-10-14,Sandeep,Madhya Pradesh,Indore,"Indore, Madhya Pradesh",94.0,20.0,0.2127659574468085,Profit,2,Furniture,Furnishings
B-25818,2018-10-14,Sandeep,Madhya Pradesh,Indore,"Indore, Madhya Pradesh",28.0,14.0,0.5,Profit,4,Clothing,Hankerchief
B-25819,2018-10-15,Ankur,Madhya Pradesh,Bhopal,"Bhopal, Madhya Pradesh",417.0,49.0,0.11750599520383694,Profit,3,Electronics,Electronic Games
B-25820,2018-10-16,Dheeraj,Rajasthan,Jaipur,"Jaipur, Rajasthan",119.0,1.0,0.008403361344537815,Profit,1,Furniture,Chairs
B-25821,2018-10-16,Ajay,West Bengal,Kolkata,"Kolkata, West Bengal",60.0,21.0,0.35,Profit,4,Clothing,Stole
B-25821,2018-10-16,Ajay,West Bengal,Kolkata,"Kolkata, West Bengal",17.0,0.0,0,Break-Even,1,Clothing,Hankerchief
B-25821,2018-10-16,Ajay,West Bengal,Kolkata,"Kolkata, West Bengal",125.0,0.0,0,Break-Even,3,Electronics,Accessories
B-25822,2018-10-18,Tejas,Karnataka,Bangalore,"Bangalore, Karnataka",34.0,13.0,0.38235294117647056,Profit,2,Clothing,Saree
B-25823,2018-10-18,Rohan,Maharashtra,Mumbai,"Mumbai, Maharashtra",2103.0,322.0,0.15311459819305753,Profit,8,Electronics,Electronic Games
B-25823,2018-10-18,Rohan,Maharashtra,Mumbai,"Mumbai, Maharashtra",104.0,2.0,0.019230769230769232,Profit,2,Furniture,Furnishings
B-25823,2018-10-18,Rohan,Maharashtra,Mumbai,"Mumbai, Maharashtra",59.0,6.0,0.1016949152542373,Profit,1,Electronics,Accessories
B-25823,2018-10-18,Rohan,Maharashtra,Mumbai,"Mumbai, Maharashtra",103.0,50.0,0.4854368932038835,Profit,2,Furniture,Furnishings
B-25824,2018-10-20,Shyam,Madhya Pradesh,Indore,"Indore, Madhya Pradesh",101.0,38.0,0.37623762376237624,Profit,2,Furniture,Furnishings
B-25825,2018-10-21,Kartik,Madhya Pradesh,Indore,"Indore, Madhya Pradesh",911.0,355.0,0.3896816684961581,Profit,5,Electronics,Phones
B-25825,2018-10-21,Kartik,Madhya Pradesh,Indore,"Indore, Madhya Pradesh",115.0,25.0,0.21739130434782608,Profit,6,Clothing,Stole
B-25825,2018-10-21,Kartik,Madhya Pradesh,Indore,"Indore, Madhya Pradesh",140.0,6.0,0.04285714285714286,Profit,5,Clothing,Saree
B-25826,2018-10-22,Tanushree,Maharashtra,Mumbai,"Mumbai, Maharashtra",637.0,261.0,0.4097331240188383,Profit,2,Electronics,Printers
B-25827,2018-10-23,Sheetal,Madhya Pradesh,Indore,"Indore, Madhya Pradesh",156.0,21.0,0.1346153846153846,Profit,3,Furniture,Chairs
B-25828,2018-10-24,Nikita,Punjab,Chandigarh,"Chandigarh, Punjab",537.0,107.0,0.19925512104283055,Profit,3,Clothing,Saree
B-25828,2018-10-24,Nikita,Punjab,Chandigarh,"Chandigarh, Punjab",15.0,2.0,0.13333333333333333,Profit,1,Clothing,Leggings
B-25828,2018-10-24,Nikita,Punjab,Chandigarh,"Chandigarh, Punjab",128.0,-3.0,-0.0234375,Loss,3,Clothing,Saree
B-25828,2018-10-24,Nikita,Punjab,Chandigarh,"Chandigarh, Punjab",222.0,35.0,0.15765765765765766,Profit,5,Clothing,Saree
B-25829,2018-10-25,Apoorva,Haryana,Chandigarh,"Chandigarh, Haryana",345.0,38.0,0.11014492753623188,Profit,7,Clothing,Hankerchief
B-25830,2018-10-26,Aastha,Himachal Pradesh,Simla,"Simla, Himachal Pradesh",41.0,11.0,0.2682926829268293,Profit,6,Clothing,Hankerchief
B-25830,2018-10-26,Aastha,Himachal Pradesh,Simla,"Simla, Himachal Pradesh",54.0,1.0,0.018518518518518517,Profit,2,Clothing,Saree
B-25830,2018-10-26,Aastha,Himachal Pradesh,Simla,"Simla, Himachal Pradesh",71.0,0.0,0,Break-Even,8,Clothing,Skirt
B-25830,2018-10-26,Aastha,Himachal Pradesh,Simla,"Simla, Himachal Pradesh",93.0,15.0,0.16129032258064516,Profit,2,Electronics,Accessories
B-25830,2018-10-26,Aastha,Himachal Pradesh,Simla,"Simla, Himachal Pradesh",1063.0,64.0,0.060206961429915336,Profit,7,Electronics,Phones
B-25830,2018-10-26,Aastha,Himachal Pradesh,Simla,"Simla, Himachal Pradesh",1954.0,782.0,0.4002047082906858,Profit,3,Electronics,Phones
B-25831,2018-10-27,Mahima,Sikkim,Gangtok,"Gangtok, Sikkim",693.0,254.0,0.3665223665223665,Profit,6,Clothing,Saree
B-25832,2018-10-28,Harshita,Maharashtra,Mumbai,"Mumbai, Maharashtra",504.0,116.0,0.23015873015873015,Profit,3,Furniture,Bookcases
B-25833,2018-10-29,Krishna,Madhya Pradesh,Indore,"Indore, Madhya Pradesh",64.0,27.0,0.421875,Profit,5,Clothing,Hankerchief
B-25833,2018-10-29,Krishna,Madhya Pradesh,Indore,"Indore, Madhya Pradesh",36.0,4.0,0.1111111111111111,Profit,9,Clothing,Hankerchief
B-25833,2018-10-29,Krishna,Madhya Pradesh,Indore,"Indore, Madhya Pradesh",45.0,16.0,0.35555555555555557,Profit,3,Clothing,Stole
B-25834,2018-10-29,Ananya,Andhra Pradesh,Hyderabad,"Hyderabad, Andhra Pradesh",16.0,5.0,0.3125,Profit,1,Clothing,Stole
B-25835,2018-10-29,Moumita,Gujarat,Ahmedabad,"Ahmedabad, Gujarat",52.0,11.0,0.21153846153846154,Profit,5,Clothing,Leggings
B-25835,2018-10-29,Moumita,Gujarat,Ahmedabad,"Ahmedabad, Gujarat",27.0,2.0,0.07407407407407407,Profit,2,Clothing,Leggings
B-25835,2018-10-29,Moumita,Gujarat,Ahmedabad,"Ahmedabad, Gujarat",155.0,26.0,0.16774193548387098,Profit,3,Clothing,Stole
B-25836,2018-10-29,Arti,Maharashtra,Pune,"Pune, Maharashtra",1298.0,65.0,0.05007704160246533,Profit,9,Electronics,Printers
B-25837,2018-10-29,Palak,Maharashtra,Mumbai,"Mumbai, Maharashtra",263.0,50.0,0.19011406844106463,Profit,5,Clothing,Stole
B-25838,2018-10-29,Sanjana,Madhya Pradesh,Indore,"Indore, Madhya Pradesh",70.0,26.0,0.37142857142857144,Profit,5,Clothing,Hankerchief
B-25838,2018-10-29,Sanjana,Madhya Pradesh,Indore,"Indore, Madhya Pradesh",81.0,19.0,0.2345679012345679,Profit,7,Clothing,Hankerchief
B-25838,2018-10-29,Sanjana,Madhya Pradesh,Indore,"Indore, Madhya Pradesh",955.0,305.0,0.3193717277486911,Profit,3,Electronics,Printers
B-25838,2018-10-29,Sanjana,Madhya Pradesh,Indore,"Indore, Madhya Pradesh",161.0,40.0,0.2484472049689441,Profit,3,Clothing,Stole
B-25839,2018-10-30,Pranjali,West Bengal,Kolkata,"Kolkata, West Bengal",1250.0,486.0,0.3888,Profit,7,Clothing,Saree
B-25840,2018-10-31,Sneha,Karnataka,Bangalore,"Bangalore, Karnataka",246.0,61.0,0.24796747967479674,Profit,2,Furniture,Bookcases
B-25840,2018-10-31,Sneha,Karnataka,Bangalore,"Bangalore, Karnataka",298.0,74.0,0.2483221476510067,Profit,2,Furniture,Bookcases
B-25840,2018-10-31,Sneha,Karnataka,Bangalore,"Bangalore, Karnataka",262.0,64.0,0.24427480916030533,Profit,6,Clothing,Saree
B-25841,2018-11-01,Ashvini,Maharashtra,Mumbai,"Mumbai, Maharashtra",22.0,11.0,0.5,Profit,2,Clothing,Skirt
B-25842,2018-11-02,Sheetal,Madhya Pradesh,Indore,"Indore, Madhya Pradesh",1543.0,370.0,0.23979261179520414,Profit,8,Electronics,Printers
B-25843,2018-11-03,Mrunal,Maharashtra,Mumbai,"Mumbai, Maharashtra",50.0,7.0,0.14,Profit,6,Clothing,Skirt
B-25843,2018-11-03,Mrunal,Maharashtra,Mumbai,"Mumbai, Maharashtra",214.0,30.0,0.14018691588785046,Profit,3,Electronics,Accessories
B-25843,2018-11-03,Mrunal,Maharashtra,Mumbai,"Mumbai, Maharashtra",255.0,74.0,0.2901960784313726,Profit,5,Clothing,Hankerchief
B-25843,2018-11-03,Mrunal,Maharashtra,Mumbai,"Mumbai, Maharashtra",18.0,6.0,0.3333333333333333,Profit,3,Clothing,Hankerchief
B-25843,2018-11-03,Mrunal,Maharashtra,Mumbai,"Mumbai, Maharashtra",45.0,0.0,0,Break-Even,2,Clothing,Stole
B-25844,2018-11-03,Swati,Madhya Pradesh,Indore,"Indore, Madhya Pradesh",86.0,8.0,0.09302325581395349,Profit,2,Clothing,Saree
B-25845,2018-11-03,Snel,Kerala ,Thiruvananthapuram,"Thiruvananthapuram, Kerala ",274.0,-7.0,-0.025547445255474453,Loss,4,Electronics,Phones
B-25845,2018-11-03,Snel,Kerala ,Thiruvananthapuram,"Thiruvananthapuram, Kerala ",82.0,33.0,0.4024390243902439,Profit,4,Clothing,Kurti
B-25845,2018-11-03,Snel,Kerala ,Thiruvananthapuram,"Thiruvananthapuram, Kerala ",757.0,371.0,0.4900924702774108,Profit,2,Electronics,Printers
B-25845,2018-11-03,Snel,Kerala ,Thiruvananthapuram,"Thiruvananthapuram, Kerala ",132.0,54.0,0.4090909090909091,Profit,5,Clothing,Stole
B-25846,2018-11-03,Soodesh,Punjab,Chandigarh,"Chandigarh, Punjab",94.0,7.0,0.07446808510638298,Profit,7,Clothing,Leggings
B-25847,2018-11-03,Aniket,Haryana,Chandigarh,"Chandigarh, Haryana",643.0,225.0,0.3499222395023328,Profit,2,Electronics,Printers
B-25847,2018-11-03,Aniket,Haryana,Chandigarh,"Chandigarh, Haryana",264.0,71.0,0.2689393939393939,Profit,10,Furniture,Furnishings
B-25848,2018-11-03,Rohan,Himachal Pradesh,Simla,"Simla, Himachal Pradesh",147.0,21.0,0.14285714285714285,Profit,3,Furniture,Furnishings
B-25848,2018-11-03,Rohan,Himachal Pradesh,Simla,"Simla, Himachal Pradesh",16.0,8.0,0.5,Profit,2,Clothing,Hankerchief
B-25848,2018-11-03,Rohan,Himachal Pradesh,Simla,"Simla, Himachal Pradesh",648.0,50.0,0.07716049382716049,Profit,6,Electronics,Electronic Games
B-25849,2018-11-04,K,Sikkim,Gangtok,"Gangtok, Sikkim",336.0,123.0,0.36607142857142855,Profit,3,Electronics,Phones
B-25850,2018-11-05,Abhishek,Goa,Goa,"Goa, Goa",45.0,1.0,0.022222222222222223,Profit,3,Clothing,T-shirt
B-25850,2018-11-05,Abhishek,Goa,Goa,"Goa, Goa",93.0,-1.0,-0.010752688172043012,Loss,2,Clothing,Hankerchief
B-25850,2018-11-05,Abhishek,Goa,Goa,"Goa, Goa",52.0,18.0,0.34615384615384615,Profit,5,Clothing,Leggings
B-25850,2018-11-05,Abhishek,Goa,Goa,"Goa, Goa",148.0,24.0,0.16216216216216217,Profit,3,Clothing,Stole
B-25850,2018-11-05,Abhishek,Goa,Goa,"Goa, Goa",24.0,1.0,0.041666666666666664,Profit,4,Clothing,Hankerchief
B-25850,2018-11-05,Abhishek,Goa,Goa,"Goa, Goa",513.0,215.0,0.4191033138401559,Profit,2,Electronics,Accessories
B-25850,2018-11-05,Abhishek,Goa,Goa,"Goa, Goa",117.0,36.0,0.3076923076923077,Profit,2,Clothing,Trousers
B-25850,2018-11-05,Abhishek,Goa,Goa,"Goa, Goa",916.0,192.0,0.2096069868995633,Profit,11,Electronics,Phones
B-25850,2018-11-05,Abhishek,Goa,Goa,"Goa, Goa",485.0,199.0,0.41030927835051545,Profit,4,Clothing,Saree
B-25851,2018-11-06,Kushal,Nagaland,Kohima,"Kohima, Nagaland",10.0,2.0,0.2,Profit,2,Clothing,Hankerchief
B-25851,2018-11-06,Kushal,Nagaland,Kohima,"Kohima, Nagaland",300.0,42.0,0.14,Profit,2,Electronics,Printers
B-25851,2018-11-06,Kushal,Nagaland,Kohima,"Kohima, Nagaland",57.0,27.0,0.47368421052631576,Profit,2,Clothing,T-shirt
B-25851,2018-11-06,Kushal,Nagaland,Kohima,"Kohima, Nagaland",103.0,46.0,0.44660194174757284,Profit,2,Clothing,Saree
B-25851,2018-11-06,Kushal,Nagaland,Kohima,"Kohima, Nagaland",336.0,71.0,0.2113095238095238,Profit,3,Furniture,Bookcases
B-25851,2018-11-06,Kushal,Nagaland,Kohima,"Kohima, Nagaland",53.0,24.0,0.4528301886792453,Profit,6,Clothing,Hankerchief
B-25851,2018-11-06,Kushal,Nagaland,Kohima,"Kohima, Nagaland",90.0,29.0,0.32222222222222224,Profit,5,Clothing,T-shirt
B-25851,2018-11-06,Kushal,Nagaland,Kohima,"Kohima, Nagaland",62.0,1.0,0.016129032258064516,Profit,3,Clothing,Saree
B-25851,2018-11-06,Kushal,Nagaland,Kohima,"Kohima, Nagaland",135.0,54.0,0.4,Profit,5,Clothing,Kurti
B-25851,2018-11-06,Kushal,Nagaland,Kohima,"Kohima, Nagaland",237.0,47.0,0.19831223628691982,Profit,9,Clothing,T-shirt
B-25852,2018-11-07,Soumyabrata,Andhra Pradesh,Hyderabad,"Hyderabad, Andhra Pradesh",320.0,144.0,0.45,Profit,1,Electronics,Printers
B-25852,2018-11-07,Soumyabrata,Andhra Pradesh,Hyderabad,"Hyderabad, Andhra Pradesh",24.0,1.0,0.041666666666666664,Profit,2,Clothing,Hankerchief
B-25852,2018-11-07,Soumyabrata,Andhra Pradesh,Hyderabad,"Hyderabad, Andhra Pradesh",45.0,12.0,0.26666666666666666,Profit,4,Clothing,Hankerchief
B-25852,2018-11-07,Soumyabrata,Andhra Pradesh,Hyderabad,"Hyderabad, Andhra Pradesh",97.0,17.0,0.17525773195876287,Profit,2,Clothing,Stole
B-25852,2018-11-07,Soumyabrata,Andhra Pradesh,Hyderabad,"Hyderabad, Andhra Pradesh",50.0,16.0,0.32,Profit,1,Clothing,Stole
B-25852,2018-11-07,Soumyabrata,Andhra Pradesh,Hyderabad,"Hyderabad, Andhra Pradesh",869.0,67.0,0.07710011507479862,Profit,4,Furniture,Tables
B-25852,2018-11-07,Soumyabrata,Andhra Pradesh,Hyderabad,"Hyderabad, Andhra Pradesh",105.0,33.0,0.3142857142857143,Profit,5,Clothing,Kurti
B-25853,2018-11-08,Gaurav,Gujarat,Ahmedabad,"Ahmedabad, Gujarat",39.0,16.0,0.41025641025641024,Profit,6,Clothing,Skirt
B-25853,2018-11-08,Gaurav,Gujarat,Ahmedabad,"Ahmedabad, Gujarat",30.0,14.0,0.4666666666666667,Profit,3,Clothing,Hankerchief
B-25853,2018-11-08,Gaurav,Gujarat,Ahmedabad,"Ahmedabad, Gujarat",26.0,11.0,0.4230769230769231,Profit,2,Clothing,Hankerchief
B-25853,2018-11-08,Gaurav,Gujarat,Ahmedabad,"Ahmedabad, Gujarat",19.0,6.0,0.3157894736842105,Profit,2,Clothing,Saree
B-25853,2018-11-08,Gaurav,Gujarat,Ahmedabad,"Ahmedabad, Gujarat",579.0,139.0,0.24006908462867013,Profit,3,Electronics,Printers
B-25853,2018-11-08,Gaurav,Gujarat,Ahmedabad,"Ahmedabad, Gujarat",2093.0,721.0,0.34448160535117056,Profit,5,Furniture,Chairs
B-25853,2018-11-08,Gaurav,Gujarat,Ahmedabad,"Ahmedabad, Gujarat",95.0,11.0,0.11578947368421053,Profit,4,Furniture,Furnishings
B-25853,2018-11-08,Gaurav,Gujarat,Ahmedabad,"Ahmedabad, Gujarat",128.0,4.0,0.03125,Profit,3,Clothing,Saree
B-25853,2018-11-08,Gaurav,Gujarat,Ahmedabad,"Ahmedabad, Gujarat",199.0,48.0,0.24120603015075376,Profit,4,Clothing,Stole
B-25854,2018-11-08,Shubham,Maharashtra,Pune,"Pune, Maharashtra",149.0,48.0,0.3221476510067114,Profit,6,Clothing,Stole
B-25854,2018-11-08,Shubham,Maharashtra,Pune,"Pune, Maharashtra",436.0,131.0,0.30045871559633025,Profit,9,Clothing,Hankerchief
B-25854,2018-11-08,Shubham,Maharashtra,Pune,"Pune, Maharashtra",76.0,19.0,0.25,Profit,3,Clothing,Hankerchief
B-25854,2018-11-08,Shubham,Maharashtra,Pune,"Pune, Maharashtra",88.0,16.0,0.18181818181818182,Profit,4,Clothing,Stole
B-25854,2018-11-08,Shubham,Maharashtra,Pune,"Pune, Maharashtra",342.0,154.0,0.4502923976608187,Profit,7,Furniture,Furnishings
B-25854,2018-11-08,Shubham,Maharashtra,Pune,"Pune, Maharashtra",40.0,16.0,0.4,Profit,3,Clothing,Hankerchief
B-25854,2018-11-08,Shubham,Maharashtra,Pune,"Pune, Maharashtra",53.0,-2.0,-0.03773584905660377,Loss,3,Clothing,Saree
B-25854,2018-11-08,Shubham,Maharashtra,Pune,"Pune, Maharashtra",381.0,144.0,0.3779527559055118,Profit,2,Clothing,Saree
B-25855,2018-11-08,Abhijeet,Madhya Pradesh,Bhopal,"Bhopal, Madhya Pradesh",829.0,19.0,0.022919179734620022,Profit,4,Electronics,Printers
B-25855,2018-11-08,Abhijeet,Madhya Pradesh,Bhopal,"Bhopal, Madhya Pradesh",442.0,31.0,0.07013574660633484,Profit,2,Electronics,Electronic Games
B-25855,2018-11-08,Abhijeet,Madhya Pradesh,Bhopal,"Bhopal, Madhya Pradesh",90.0,17.0,0.18888888888888888,Profit,3,Clothing,Hankerchief
B-25855,2018-11-08,Abhijeet,Madhya Pradesh,Bhopal,"Bhopal, Madhya Pradesh",98.0,12.0,0.12244897959183673,Profit,2,Clothing,Hankerchief
B-25855,2018-11-08,Abhijeet,Madhya Pradesh,Bhopal,"Bhopal, Madhya Pradesh",61.0,30.0,0.4918032786885246,Profit,2,Clothing,Hankerchief
B-25855,2018-11-08,Abhijeet,Madhya Pradesh,Bhopal,"Bhopal, Madhya Pradesh",1027.0,441.0,0.4294060370009737,Profit,8,Clothing,Saree
B-25855,2018-11-08,Abhijeet,Madhya Pradesh,Bhopal,"Bhopal, Madhya Pradesh",1319.0,567.0,0.42987111448066717,Profit,5,Electronics,Printers
B-25855,2018-11-08,Abhijeet,Madhya Pradesh,Bhopal,"Bhopal, Madhya Pradesh",197.0,73.0,0.37055837563451777,Profit,1,Furniture,Bookcases
B-25855,2018-11-08,Abhijeet,Madhya Pradesh,Bhopal,"Bhopal, Madhya Pradesh",550.0,242.0,0.44,Profit,5,Furniture,Furnishings
B-25856,2018-11-10,Abhijeet,Maharashtra,Mumbai,"Mumbai, Maharashtra",74.0,29.0,0.3918918918918919,Profit,3,Clothing,Stole
B-25856,2018-11-10,Abhijeet,Maharashtra,Mumbai,"Mumbai, Maharashtra",10.0,2.0,0.2,Profit,2,Clothing,Skirt
B-25856,2018-11-10,Abhijeet,Maharashtra,Mumbai,"Mumbai, Maharashtra",689.0,90.0,0.13062409288824384,Profit,5,Clothing,Saree
B-25856,2018-11-10,Abhijeet,Maharashtra,Mumbai,"Mumbai, Maharashtra",257.0,3.0,0.011673151750972763,Profit,2,Clothing,Saree
B-25856,2018-11-10,Abhijeet,Maharashtra,Mumbai,"Mumbai, Maharashtra",48.0,6.0,0.125,Profit,1,Clothing,Saree
B-25857,2018-11-10,Anand,Madhya Pradesh,Indore,"Indore, Madhya Pradesh",324.0,39.0,0.12037037037037036,Profit,8,Electronics,Accessories
B-25857,2018-11-10,Anand,Madhya Pradesh,Indore,"Indore, Madhya Pradesh",598.0,166.0,0.27759197324414714,Profit,4,Furniture,Bookcases
B-25857,2018-11-10,Anand,Madhya Pradesh,Indore,"Indore, Madhya Pradesh",227.0,59.0,0.2599118942731278,Profit,2,Furniture,Furnishings
B-25858,2018-11-13,Swapnil,Maharashtra,Mumbai,"Mumbai, Maharashtra",22.0,8.0,0.36363636363636365,Profit,3,Clothing,Hankerchief
B-25858,2018-11-13,Swapnil,Maharashtra,Mumbai,"Mumbai, Maharashtra",29.0,11.0,0.3793103448275862,Profit,4,Clothing,Skirt
B-25858,2018-11-13,Swapnil,Maharashtra,Mumbai,"Mumbai, Maharashtra",27.0,5.0,0.18518518518518517,Profit,2,Clothing,Skirt
B-25858,2018-11-13,Swapnil,Maharashtra,Mumbai,"Mumbai, Maharashtra",82.0,13.0,0.15853658536585366,Profit,2,Clothing,Shirt
B-25858,2018-11-13,Swapnil,Maharashtra,Mumbai,"Mumbai, Maharashtra",294.0,109.0,0.3707482993197279,Profit,7,Electronics,Accessories
B-25858,2018-11-13,Swapnil,Maharashtra,Mumbai,"Mumbai, Maharashtra",16.0,0.0,0,Break-Even,1,Clothing,Saree
B-25858,2018-11-13,Swapnil,Maharashtra,Mumbai,"Mumbai, Maharashtra",245.0,30.0,0.12244897959183673,Profit,2,Clothing,Saree
B-25858,2018-11-13,Swapnil,Maharashtra,Mumbai,"Mumbai, Maharashtra",223.0,27.0,0.1210762331838565,Profit,2,Furniture,Bookcases
B-25858,2018-11-13,Swapnil,Maharashtra,Mumbai,"Mumbai, Maharashtra",2457.0,665.0,0.2706552706552707,Profit,11,Electronics,Electronic Games
B-25859,2018-11-14,Chikku,Madhya Pradesh,Indore,"Indore, Madhya Pradesh",724.0,253.0,0.3494475138121547,Profit,2,Furniture,Bookcases
B-25860,2018-11-15,Akshay,Tamil Nadu,Chennai,"Chennai, Tamil Nadu",112.0,24.0,0.21428571428571427,Profit,3,Clothing,Kurti
B-25861,2018-11-15,Aayush,Uttar Pradesh,Lucknow,"Lucknow, Uttar Pradesh",128.0,4.0,0.03125,Profit,3,Clothing,Saree
B-25861,2018-11-15,Aayush,Uttar Pradesh,Lucknow,"Lucknow, Uttar Pradesh",50.0,3.0,0.06,Profit,2,Clothing,Stole
B-25861,2018-11-15,Aayush,Uttar Pradesh,Lucknow,"Lucknow, Uttar Pradesh",62.0,6.0,0.0967741935483871,Profit,5,Clothing,Hankerchief
B-25861,2018-11-15,Aayush,Uttar Pradesh,Lucknow,"Lucknow, Uttar Pradesh",44.0,14.0,0.3181818181818182,Profit,3,Clothing,Hankerchief
B-25861,2018-11-15,Aayush,Uttar Pradesh,Lucknow,"Lucknow, Uttar Pradesh",56.0,18.0,0.32142857142857145,Profit,2,Clothing,Hankerchief
B-25861,2018-11-15,Aayush,Uttar Pradesh,Lucknow,"Lucknow, Uttar Pradesh",216.0,-83.0,-0.38425925925925924,Loss,3,Electronics,Electronic Games
B-25862,2018-11-15,Amol,Bihar,Patna,"Patna, Bihar",2061.0,701.0,0.3401261523532266,Profit,5,Furniture,Bookcases
B-25862,2018-11-15,Amol,Bihar,Patna,"Patna, Bihar",121.0,41.0,0.33884297520661155,Profit,4,Clothing,Stole
B-25862,2018-11-15,Amol,Bihar,Patna,"Patna, Bihar",80.0,3.0,0.0375,Profit,3,Clothing,Stole
B-25863,2018-11-15,Manibalan,Kerala ,Thiruvananthapuram,"Thiruvananthapuram, Kerala ",189.0,87.0,0.4603174603174603,Profit,7,Clothing,Stole
B-25864,2018-11-15,Aromal,Maharashtra,Mumbai,"Mumbai, Maharashtra",100.0,6.0,0.06,Profit,4,Clothing,Stole
B-25864,2018-11-15,Aromal,Maharashtra,Mumbai,"Mumbai, Maharashtra",17.0,5.0,0.29411764705882354,Profit,1,Clothing,Hankerchief
B-25864,2018-11-15,Aromal,Maharashtra,Mumbai,"Mumbai, Maharashtra",22.0,8.0,0.36363636363636365,Profit,2,Clothing,Leggings
B-25864,2018-11-15,Aromal,Maharashtra,Mumbai,"Mumbai, Maharashtra",27.0,9.0,0.3333333333333333,Profit,2,Clothing,Hankerchief
B-25865,2018-11-15,Arun,Madhya Pradesh,Indore,"Indore, Madhya Pradesh",85.0,-1.0,-0.011764705882352941,Loss,3,Clothing,Saree
B-25866,2018-11-16,Komal,Himachal Pradesh,Simla,"Simla, Himachal Pradesh",51.0,14.0,0.27450980392156865,Profit,2,Clothing,Stole
B-25867,2018-11-17,Ankit,Sikkim,Gangtok,"Gangtok, Sikkim",31.0,14.0,0.45161290322580644,Profit,3,Clothing,Stole
B-25867,2018-11-17,Ankit,Sikkim,Gangtok,"Gangtok, Sikkim",240.0,12.0,0.05,Profit,6,Clothing,Kurti
B-25867,2018-11-17,Ankit,Sikkim,Gangtok,"Gangtok, Sikkim",163.0,26.0,0.15950920245398773,Profit,4,Clothing,Shirt
B-25868,2018-11-18,Vikash,Goa,Goa,"Goa, Goa",170.0,73.0,0.4294117647058823,Profit,2,Electronics,Accessories
B-25868,2018-11-18,Vikash,Goa,Goa,"Goa, Goa",62.0,-1.0,-0.016129032258064516,Loss,1,Electronics,Phones
B-25868,2018-11-18,Vikash,Goa,Goa,"Goa, Goa",1118.0,206.0,0.18425760286225404,Profit,2,Furniture,Tables
B-25869,2018-11-19,Parakh,Nagaland,Kohima,"Kohima, Nagaland",86.0,9.0,0.10465116279069768,Profit,3,Clothing,Saree
B-25870,2018-11-20,Pranav,Andhra Pradesh,Hyderabad,"Hyderabad, Andhra Pradesh",10.0,4.0,0.4,Profit,1,Clothing,Kurti
B-25870,2018-11-20,Pranav,Andhra Pradesh,Hyderabad,"Hyderabad, Andhra Pradesh",845.0,84.0,0.09940828402366864,Profit,7,Clothing,Saree
B-25870,2018-11-20,Pranav,Andhra Pradesh,Hyderabad,"Hyderabad, Andhra Pradesh",57.0,7.0,0.12280701754385964,Profit,3,Furniture,Furnishings
B-25870,2018-11-20,Pranav,Andhra Pradesh,Hyderabad,"Hyderabad, Andhra Pradesh",473.0,113.0,0.23890063424947147,Profit,9,Clothing,Hankerchief
B-25871,2018-11-21,Gunjal,Gujarat,Surat,"Surat, Gujarat",118.0,25.0,0.211864406779661,Profit,4,Clothing,Hankerchief
B-25872,2018-11-22,Saurabh,Maharashtra,Mumbai,"Mumbai, Maharashtra",57.0,27.0,0.47368421052631576,Profit,2,Clothing,Shirt
B-25873,2018-11-23,Divyeta,Madhya Pradesh,Indore,"Indore, Madhya Pradesh",66.0,12.0,0.18181818181818182,Profit,3,Clothing,Stole
B-25873,2018-11-23,Divyeta,Madhya Pradesh,Indore,"Indore, Madhya Pradesh",367.0,73.0,0.1989100817438692,Profit,3,Electronics,Electronic Games
B-25873,2018-11-23,Divyeta,Madhya Pradesh,Indore,"Indore, Madhya Pradesh",7.0,1.0,0.14285714285714285,Profit,1,Clothing,Hankerchief
B-25873,2018-11-23,Divyeta,Madhya Pradesh,Indore,"Indore, Madhya Pradesh",1275.0,357.0,0.28,Profit,2,Electronics,Phones
B-25873,2018-11-23,Divyeta,Madhya Pradesh,Indore,"Indore, Madhya Pradesh",42.0,12.0,0.2857142857142857,Profit,2,Clothing,Kurti
B-25874,2018-11-24,Megha,Rajasthan,Udaipur,"Udaipur, Rajasthan",124.0,54.0,0.43548387096774194,Profit,5,Clothing,T-shirt
B-25875,2018-11-24,Divyeshkumar,Uttar Pradesh,Allahabad,"Allahabad, Uttar Pradesh",248.0,8.0,0.03225806451612903,Profit,2,Clothing,Saree
B-25876,2018-11-24,Bhosale,Punjab,Amritsar,"Amritsar, Punjab",282.0,14.0,0.04964539007092199,Profit,4,Clothing,Trousers
B-25877,2018-11-24,Dashyam,Gujarat,Surat,"Surat, Gujarat",1137.0,568.0,0.4995602462620932,Profit,2,Clothing,Trousers
B-25877,2018-11-24,Dashyam,Gujarat,Surat,"Surat, Gujarat",269.0,33.0,0.12267657992565056,Profit,5,Furniture,Chairs
B-25877,2018-11-24,Dashyam,Gujarat,Surat,"Surat, Gujarat",24.0,8.0,0.3333333333333333,Profit,2,Clothing,Skirt
B-25878,2018-11-24,Mrinal,Maharashtra,Mumbai,"Mumbai, Maharashtra",165.0,46.0,0.2787878787878788,Profit,3,Furniture,Furnishings
B-25878,2018-11-24,Mrinal,Maharashtra,Mumbai,"Mumbai, Maharashtra",46.0,0.0,0,Break-Even,4,Clothing,Leggings
B-25878,2018-11-24,Mrinal,Maharashtra,Mumbai,"Mumbai, Maharashtra",84.0,41.0,0.4880952380952381,Profit,3,Clothing,T-shirt
B-25878,2018-11-24,Mrinal,Maharashtra,Mumbai,"Mumbai, Maharashtra",140.0,15.0,0.10714285714285714,Profit,5,Clothing,Stole
B-25878,2018-11-24,Mrinal,Maharashtra,Mumbai,"Mumbai, Maharashtra",741.0,267.0,0.3603238866396761,Profit,5,Furniture,Bookcases
B-25878,2018-11-24,Mrinal,Maharashtra,Mumbai,"Mumbai, Maharashtra",719.0,303.0,0.42141863699582754,Profit,6,Furniture,Chairs
B-25879,2018-11-24,Siddharth,Madhya Pradesh,Indore,"Indore, Madhya Pradesh",57.0,28.0,0.49122807017543857,Profit,2,Clothing,Kurti
B-25880,2018-11-24,Apoorv,Rajasthan,Udaipur,"Udaipur, Rajasthan",108.0,37.0,0.3425925925925926,Profit,2,Clothing,Stole
B-25881,2018-11-25,Pooja,Uttar Pradesh,Allahabad,"Allahabad, Uttar Pradesh",37.0,3.0,0.08108108108108109,Profit,3,Clothing,Hankerchief
B-25881,2018-11-25,Pooja,Uttar Pradesh,Allahabad,"Allahabad, Uttar Pradesh",26.0,9.0,0.34615384615384615,Profit,2,Clothing,Leggings
B-25881,2018-11-25,Pooja,Uttar Pradesh,Allahabad,"Allahabad, Uttar Pradesh",1351.0,111.0,0.08216136195410807,Profit,6,Electronics,Electronic Games
B-25881,2018-11-25,Pooja,Uttar Pradesh,Allahabad,"Allahabad, Uttar Pradesh",2244.0,247.0,0.11007130124777184,Profit,4,Clothing,Trousers
B-25881,2018-11-25,Pooja,Uttar Pradesh,Allahabad,"Allahabad, Uttar Pradesh",36.0,7.0,0.19444444444444445,Profit,3,Clothing,Leggings
B-25881,2018-11-25,Pooja,Uttar Pradesh,Allahabad,"Allahabad, Uttar Pradesh",2115.0,23.0,0.010874704491725768,Profit,5,Furniture,Chairs
B-25882,2018-11-26,Masurkar,Punjab,Amritsar,"Amritsar, Punjab",121.0,19.0,0.15702479338842976,Profit,4,Clothing,Stole
B-25883,2018-11-27,Saptadeep,Gujarat,Surat,"Surat, Gujarat",146.0,42.0,0.2876712328767123,Profit,5,Clothing,Hankerchief
B-25883,2018-11-27,Saptadeep,Gujarat,Surat,"Surat, Gujarat",105.0,26.0,0.24761904761904763,Profit,8,Clothing,Leggings
B-25883,2018-11-27,Saptadeep,Gujarat,Surat,"Surat, Gujarat",127.0,29.0,0.2283464566929134,Profit,3,Furniture,Furnishings
B-25883,2018-11-27,Saptadeep,Gujarat,Surat,"Surat, Gujarat",16.0,-15.0,-0.9375,Loss,4,Clothing,Hankerchief
B-25883,2018-11-27,Saptadeep,Gujarat,Surat,"Surat, Gujarat",10.0,-2.0,-0.2,Loss,2,Clothing,Leggings
B-25884,2018-11-28,Sumeet,Maharashtra,Mumbai,"Mumbai, Maharashtra",24.0,2.0,0.08333333333333333,Profit,4,Clothing,Hankerchief
B-25885,2018-11-28,Shatayu,Madhya Pradesh,Indore,"Indore, Madhya Pradesh",94.0,27.0,0.2872340425531915,Profit,2,Clothing,Shirt
B-25885,2018-11-28,Shatayu,Madhya Pradesh,Indore,"Indore, Madhya Pradesh",394.0,146.0,0.37055837563451777,Profit,2,Furniture,Bookcases
B-25885,2018-11-28,Shatayu,Madhya Pradesh,Indore,"Indore, Madhya Pradesh",734.0,248.0,0.33787465940054495,Profit,2,Furniture,Chairs
B-25885,2018-11-28,Shatayu,Madhya Pradesh,Indore,"Indore, Madhya Pradesh",349.0,0.0,0,Break-Even,7,Clothing,Stole
B-25886,2018-11-28,Brijesh,Rajasthan,Udaipur,"Udaipur, Rajasthan",89.0,17.0,0.19101123595505617,Profit,2,Clothing,Stole
B-25886,2018-11-28,Brijesh,Rajasthan,Udaipur,"Udaipur, Rajasthan",502.0,84.0,0.16733067729083664,Profit,4,Electronics,Phones
B-25886,2018-11-28,Brijesh,Rajasthan,Udaipur,"Udaipur, Rajasthan",63.0,1.0,0.015873015873015872,Profit,4,Clothing,T-shirt
B-25886,2018-11-28,Brijesh,Rajasthan,Udaipur,"Udaipur, Rajasthan",107.0,37.0,0.34579439252336447,Profit,3,Clothing,Shirt
B-25887,2018-12-01,Vedant,Uttar Pradesh,Allahabad,"Allahabad, Uttar Pradesh",83.0,6.0,0.07228915662650602,Profit,6,Clothing,Shirt
B-25887,2018-12-01,Vedant,Uttar Pradesh,Allahabad,"Allahabad, Uttar Pradesh",2125.0,234.0,0.11011764705882353,Profit,6,Electronics,Printers
B-25888,2018-12-02,Rohan,Punjab,Amritsar,"Amritsar, Punjab",18.0,2.0,0.1111111111111111,Profit,3,Clothing,Hankerchief
B-25888,2018-12-02,Rohan,Punjab,Amritsar,"Amritsar, Punjab",223.0,4.0,0.017937219730941704,Profit,3,Electronics,Phones
B-25888,2018-12-02,Rohan,Punjab,Amritsar,"Amritsar, Punjab",646.0,213.0,0.32972136222910214,Profit,3,Electronics,Electronic Games
B-25889,2018-12-03,Abhishek,Gujarat,Surat,"Surat, Gujarat",31.0,10.0,0.3225806451612903,Profit,1,Clothing,Kurti
B-25889,2018-12-03,Abhishek,Gujarat,Surat,"Surat, Gujarat",119.0,43.0,0.36134453781512604,Profit,7,Clothing,Kurti
B-25889,2018-12-03,Abhishek,Gujarat,Surat,"Surat, Gujarat",114.0,11.0,0.09649122807017543,Profit,4,Clothing,T-shirt
B-25890,2018-12-04,Divyansha,Maharashtra,Mumbai,"Mumbai, Maharashtra",465.0,207.0,0.44516129032258067,Profit,9,Clothing,Saree
B-25891,2018-12-04,Shivani,Madhya Pradesh,Indore,"Indore, Madhya Pradesh",25.0,2.0,0.08,Profit,2,Clothing,Hankerchief
B-25891,2018-12-04,Shivani,Madhya Pradesh,Indore,"Indore, Madhya Pradesh",97.0,36.0,0.3711340206185567,Profit,7,Clothing,Hankerchief
B-25891,2018-12-04,Shivani,Madhya Pradesh,Indore,"Indore, Madhya Pradesh",121.0,41.0,0.33884297520661155,Profit,4,Clothing,Stole
B-25892,2018-12-04,Aditi,Rajasthan,Udaipur,"Udaipur, Rajasthan",139.0,30.0,0.2158273381294964,Profit,3,Clothing,Shirt
B-25893,2018-12-04,Aashna,Uttar Pradesh,Allahabad,"Allahabad, Uttar Pradesh",355.0,114.0,0.3211267605633803,Profit,7,Clothing,Stole
B-25893,2018-12-04,Aashna,Uttar Pradesh,Allahabad,"Allahabad, Uttar Pradesh",61.0,11.0,0.18032786885245902,Profit,3,Clothing,Kurti
B-25893,2018-12-04,Aashna,Uttar Pradesh,Allahabad,"Allahabad, Uttar Pradesh",149.0,15.0,0.10067114093959731,Profit,3,Clothing,Saree
B-25893,2018-12-04,Aashna,Uttar Pradesh,Allahabad,"Allahabad, Uttar Pradesh",688.0,103.0,0.14970930232558138,Profit,6,Electronics,Accessories
B-25893,2018-12-04,Aashna,Uttar Pradesh,Allahabad,"Allahabad, Uttar Pradesh",372.0,59.0,0.1586021505376344,Profit,3,Electronics,Printers
B-25893,2018-12-04,Aashna,Uttar Pradesh,Allahabad,"Allahabad, Uttar Pradesh",223.0,62.0,0.27802690582959644,Profit,7,Clothing,Shirt
B-25893,2018-12-04,Aashna,Uttar Pradesh,Allahabad,"Allahabad, Uttar Pradesh",83.0,12.0,0.14457831325301204,Profit,3,Clothing,Stole
B-25894,2018-12-04,Monu,Punjab,Amritsar,"Amritsar, Punjab",1246.0,62.0,0.04975922953451043,Profit,3,Furniture,Bookcases
B-25895,2018-12-04,Sathya,Gujarat,Surat,"Surat, Gujarat",388.0,93.0,0.23969072164948454,Profit,2,Furniture,Bookcases
B-25896,2018-12-05,Aman,Maharashtra,Mumbai,"Mumbai, Maharashtra",31.0,11.0,0.3548387096774194,Profit,3,Clothing,Skirt
B-25896,2018-12-05,Aman,Maharashtra,Mumbai,"Mumbai, Maharashtra",42.0,7.0,0.16666666666666666,Profit,2,Clothing,Kurti
B-25896,2018-12-05,Aman,Maharashtra,Mumbai,"Mumbai, Maharashtra",190.0,68.0,0.35789473684210527,Profit,8,Clothing,T-shirt
B-25896,2018-12-05,Aman,Maharashtra,Mumbai,"Mumbai, Maharashtra",103.0,36.0,0.34951456310679613,Profit,2,Clothing,Hankerchief
B-25896,2018-12-05,Aman,Maharashtra,Mumbai,"Mumbai, Maharashtra",287.0,66.0,0.22996515679442509,Profit,6,Clothing,Kurti
B-25896,2018-12-05,Aman,Maharashtra,Mumbai,"Mumbai, Maharashtra",23.0,4.0,0.17391304347826086,Profit,2,Clothing,Skirt
B-25896,2018-12-05,Aman,Maharashtra,Mumbai,"Mumbai, Maharashtra",79.0,-2.0,-0.02531645569620253,Loss,2,Furniture,Furnishings
B-25897,2018-12-06,Rohan,Madhya Pradesh,Indore,"Indore, Madhya Pradesh",43.0,5.0,0.11627906976744186,Profit,3,Clothing,Stole
B-25897,2018-12-06,Rohan,Madhya Pradesh,Indore,"Indore, Madhya Pradesh",33.0,10.0,0.30303030303030304,Profit,3,Clothing,Hankerchief
B-25897,2018-12-06,Rohan,Madhya Pradesh,Indore,"Indore, Madhya Pradesh",24.0,11.0,0.4583333333333333,Profit,5,Clothing,Hankerchief
B-25897,2018-12-06,Rohan,Madhya Pradesh,Indore,"Indore, Madhya Pradesh",734.0,213.0,0.2901907356948229,Profit,6,Electronics,Electronic Games
B-25898,2018-12-07,Abhishek,Rajasthan,Udaipur,"Udaipur, Rajasthan",33.0,13.0,0.3939393939393939,Profit,3,Clothing,Leggings
B-25898,2018-12-07,Abhishek,Rajasthan,Udaipur,"Udaipur, Rajasthan",499.0,33.0,0.06613226452905811,Profit,4,Clothing,Saree
B-25898,2018-12-07,Abhishek,Rajasthan,Udaipur,"Udaipur, Rajasthan",147.0,73.0,0.4965986394557823,Profit,3,Clothing,Stole
B-25898,2018-12-07,Abhishek,Rajasthan,Udaipur,"Udaipur, Rajasthan",53.0,5.0,0.09433962264150944,Profit,3,Clothing,T-shirt
B-25898,2018-12-07,Abhishek,Rajasthan,Udaipur,"Udaipur, Rajasthan",171.0,2.0,0.011695906432748537,Profit,2,Electronics,Electronic Games
B-25898,2018-12-07,Abhishek,Rajasthan,Udaipur,"Udaipur, Rajasthan",915.0,-99.0,-0.10819672131147541,Loss,3,Furniture,Tables
B-25898,2018-12-07,Abhishek,Rajasthan,Udaipur,"Udaipur, Rajasthan",191.0,93.0,0.4869109947643979,Profit,4,Clothing,Shirt
B-25898,2018-12-07,Abhishek,Rajasthan,Udaipur,"Udaipur, Rajasthan",857.0,274.0,0.31971995332555425,Profit,2,Furniture,Tables
B-25899,2018-12-08,Aishwarya,Uttar Pradesh,Allahabad,"Allahabad, Uttar Pradesh",22.0,9.0,0.4090909090909091,Profit,2,Clothing,Leggings
B-25899,2018-12-08,Aishwarya,Uttar Pradesh,Allahabad,"Allahabad, Uttar Pradesh",28.0,6.0,0.21428571428571427,Profit,4,Clothing,Skirt
B-25899,2018-12-08,Aishwarya,Uttar Pradesh,Allahabad,"Allahabad, Uttar Pradesh",43.0,17.0,0.3953488372093023,Profit,1,Clothing,Saree
B-25899,2018-12-08,Aishwarya,Uttar Pradesh,Allahabad,"Allahabad, Uttar Pradesh",846.0,9.0,0.010638297872340425,Profit,2,Furniture,Chairs
B-25900,2018-12-09,Anand,Punjab,Amritsar,"Amritsar, Punjab",15.0,2.0,0.13333333333333333,Profit,1,Clothing,Leggings
B-25900,2018-12-09,Anand,Punjab,Amritsar,"Amritsar, Punjab",140.0,68.0,0.4857142857142857,Profit,5,Clothing,T-shirt
B-25900,2018-12-09,Anand,Punjab,Amritsar,"Amritsar, Punjab",210.0,62.0,0.29523809523809524,Profit,2,Electronics,Phones
B-25901,2018-12-10,Suraj,Gujarat,Surat,"Surat, Gujarat",158.0,38.0,0.24050632911392406,Profit,3,Clothing,Hankerchief
B-25901,2018-12-10,Suraj,Gujarat,Surat,"Surat, Gujarat",90.0,27.0,0.3,Profit,2,Clothing,T-shirt
B-25901,2018-12-10,Suraj,Gujarat,Surat,"Surat, Gujarat",159.0,2.0,0.012578616352201259,Profit,3,Furniture,Furnishings
B-25901,2018-12-10,Suraj,Gujarat,Surat,"Surat, Gujarat",61.0,28.0,0.45901639344262296,Profit,2,Clothing,Hankerchief
B-25902,2018-12-10,Ishpreet,Maharashtra,Mumbai,"Mumbai, Maharashtra",79.0,6.0,0.0759493670886076,Profit,7,Clothing,Saree
B-25902,2018-12-10,Ishpreet,Maharashtra,Mumbai,"Mumbai, Maharashtra",268.0,6.0,0.022388059701492536,Profit,2,Furniture,Bookcases
B-25902,2018-12-10,Ishpreet,Maharashtra,Mumbai,"Mumbai, Maharashtra",802.0,120.0,0.14962593516209477,Profit,7,Electronics,Accessories
B-25902,2018-12-10,Ishpreet,Maharashtra,Mumbai,"Mumbai, Maharashtra",1700.0,85.0,0.05,Profit,3,Clothing,Trousers
B-25902,2018-12-10,Ishpreet,Maharashtra,Mumbai,"Mumbai, Maharashtra",154.0,26.0,0.16883116883116883,Profit,4,Electronics,Accessories
B-25903,2018-12-10,Amlan,Madhya Pradesh,Indore,"Indore, Madhya Pradesh",455.0,77.0,0.16923076923076924,Profit,8,Electronics,Accessories
B-25903,2018-12-10,Amlan,Madhya Pradesh,Indore,"Indore, Madhya Pradesh",19.0,8.0,0.42105263157894735,Profit,2,Clothing,Hankerchief
B-25903,2018-12-10,Amlan,Madhya Pradesh,Indore,"Indore, Madhya Pradesh",25.0,11.0,0.44,Profit,3,Clothing,Leggings
B-25903,2018-12-10,Amlan,Madhya Pradesh,Indore,"Indore, Madhya Pradesh",37.0,17.0,0.4594594594594595,Profit,3,Clothing,Hankerchief
B-25903,2018-12-10,Amlan,Madhya Pradesh,Indore,"Indore, Madhya Pradesh",60.0,-10.0,-0.16666666666666666,Loss,2,Furniture,Furnishings
B-25903,2018-12-10,Amlan,Madhya Pradesh,Indore,"Indore, Madhya Pradesh",204.0,94.0,0.46078431372549017,Profit,4,Clothing,Hankerchief
B-25903,2018-12-10,Amlan,Madhya Pradesh,Indore,"Indore, Madhya Pradesh",74.0,33.0,0.44594594594594594,Profit,2,Clothing,Shirt
B-25903,2018-12-10,Amlan,Madhya Pradesh,Indore,"Indore, Madhya Pradesh",336.0,57.0,0.16964285714285715,Profit,2,Electronics,Phones
B-25904,2018-12-10,Swapnil,Delhi,Delhi,"Delhi, Delhi",871.0,131.0,0.15040183696900114,Profit,2,Furniture,Bookcases
B-25904,2018-12-10,Swapnil,Delhi,Delhi,"Delhi, Delhi",83.0,12.0,0.14457831325301204,Profit,2,Furniture,Chairs
B-25905,2018-12-11,Bhargav,Madhya Pradesh,Delhi,"Delhi, Madhya Pradesh",152.0,50.0,0.32894736842105265,Profit,6,Clothing,Stole
B-25906,2018-12-11,Abhijit,Delhi,Delhi,"Delhi, Delhi",78.0,27.0,0.34615384615384615,Profit,3,Clothing,Stole
B-25907,2018-12-11,Jaydeep,Madhya Pradesh,Bhopal,"Bhopal, Madhya Pradesh",30.0,11.0,0.36666666666666664,Profit,5,Clothing,Hankerchief
B-25908,2018-12-12,Pradeep,Delhi,Delhi,"Delhi, Delhi",179.0,25.0,0.13966480446927373,Profit,5,Clothing,Kurti
B-25909,2018-12-13,Sujay,Madhya Pradesh,Delhi,"Delhi, Madhya Pradesh",168.0,56.0,0.3333333333333333,Profit,3,Clothing,Saree
B-25909,2018-12-13,Sujay,Madhya Pradesh,Delhi,"Delhi, Madhya Pradesh",108.0,22.0,0.2037037037037037,Profit,3,Electronics,Accessories
B-25909,2018-12-13,Sujay,Madhya Pradesh,Delhi,"Delhi, Madhya Pradesh",1622.0,248.0,0.15289765721331688,Profit,3,Electronics,Phones
B-25909,2018-12-13,Sujay,Madhya Pradesh,Delhi,"Delhi, Madhya Pradesh",323.0,122.0,0.37770897832817335,Profit,5,Electronics,Phones
B-25909,2018-12-13,Sujay,Madhya Pradesh,Delhi,"Delhi, Madhya Pradesh",12.0,2.0,0.16666666666666666,Profit,2,Clothing,Skirt
B-25910,2018-12-14,Jay,Delhi,Delhi,"Delhi, Delhi",125.0,15.0,0.12,Profit,5,Clothing,Shirt
B-25910,2018-12-14,Jay,Delhi,Delhi,"Delhi, Delhi",685.0,7.0,0.010218978102189781,Profit,7,Clothing,Trousers
B-25910,2018-12-14,Jay,Delhi,Delhi,"Delhi, Delhi",850.0,289.0,0.34,Profit,5,Electronics,Electronic Games
B-25910,2018-12-14,Jay,Delhi,Delhi,"Delhi, Delhi",1622.0,-624.0,-0.3847102342786683,Loss,5,Furniture,Tables
B-25910,2018-12-14,Jay,Delhi,Delhi,"Delhi, Delhi",259.0,47.0,0.18146718146718147,Profit,5,Clothing,Hankerchief
B-25910,2018-12-14,Jay,Delhi,Delhi,"Delhi, Delhi",33.0,1.0,0.030303030303030304,Profit,2,Clothing,Shirt
B-25911,2018-12-15,Phalguni,Madhya Pradesh,Bhopal,"Bhopal, Madhya Pradesh",40.0,15.0,0.375,Profit,1,Clothing,Kurti
B-25912,2018-12-16,Preksha,Delhi,Delhi,"Delhi, Delhi",102.0,11.0,0.10784313725490197,Profit,6,Clothing,T-shirt
B-25913,2018-12-17,Geetanjali,Madhya Pradesh,Delhi,"Delhi, Madhya Pradesh",103.0,21.0,0.20388349514563106,Profit,7,Clothing,Stole
B-25914,2018-12-18,Kajal,Delhi,Delhi,"Delhi, Delhi",460.0,143.0,0.3108695652173913,Profit,3,Furniture,Chairs
B-25914,2018-12-18,Kajal,Delhi,Delhi,"Delhi, Delhi",125.0,22.0,0.176,Profit,3,Clothing,Stole
B-25915,2018-12-19,Sukruta,Punjab,Amritsar,"Amritsar, Punjab",277.0,3.0,0.010830324909747292,Profit,1,Electronics,Electronic Games
B-25916,2018-12-20,Utkarsh,Gujarat,Surat,"Surat, Gujarat",80.0,26.0,0.325,Profit,9,Clothing,Skirt
B-25917,2018-12-21,Sanjay,Maharashtra,Mumbai,"Mumbai, Maharashtra",100.0,12.0,0.12,Profit,2,Clothing,T-shirt
B-25918,2018-12-22,Karandeep,Madhya Pradesh,Indore,"Indore, Madhya Pradesh",244.0,122.0,0.5,Profit,5,Furniture,Furnishings
B-25919,2018-12-23,Neha,Rajasthan,Udaipur,"Udaipur, Rajasthan",28.0,4.0,0.14285714285714285,Profit,1,Clothing,T-shirt
B-25919,2018-12-23,Neha,Rajasthan,Udaipur,"Udaipur, Rajasthan",110.0,12.0,0.10909090909090909,Profit,7,Clothing,Stole
B-25919,2018-12-23,Neha,Rajasthan,Udaipur,"Udaipur, Rajasthan",636.0,204.0,0.32075471698113206,Profit,2,Electronics,Printers
B-25919,2018-12-23,Neha,Rajasthan,Udaipur,"Udaipur, Rajasthan",1599.0,37.0,0.023139462163852407,Profit,6,Electronics,Electronic Games
B-25919,2018-12-23,Neha,Rajasthan,Udaipur,"Udaipur, Rajasthan",977.0,244.0,0.24974411463664278,Profit,7,Electronics,Phones
B-25920,2018-12-24,Jayanti,Uttar Pradesh,Allahabad,"Allahabad, Uttar Pradesh",100.0,7.0,0.07,Profit,2,Clothing,T-shirt
B-25921,2018-12-25,Sandra,Punjab,Amritsar,"Amritsar, Punjab",170.0,19.0,0.11176470588235295,Profit,5,Clothing,T-shirt
B-25921,2018-12-25,Sandra,Punjab,Amritsar,"Amritsar, Punjab",84.0,-42.0,-0.5,Loss,2,Electronics,Accessories
B-25921,2018-12-25,Sandra,Punjab,Amritsar,"Amritsar, Punjab",71.0,-44.0,-0.6197183098591549,Loss,5,Electronics,Accessories
B-25922,2018-12-26,Akshata,Gujarat,Surat,"Surat, Gujarat",52.0,18.0,0.34615384615384615,Profit,2,Clothing,Stole
B-25923,2018-12-27,Vishakha,Maharashtra,Mumbai,"Mumbai, Maharashtra",226.0,58.0,0.25663716814159293,Profit,3,Electronics,Accessories
B-25923,2018-12-27,Vishakha,Maharashtra,Mumbai,"Mumbai, Maharashtra",484.0,28.0,0.05785123966942149,Profit,3,Electronics,Printers
B-25923,2018-12-27,Vishakha,Maharashtra,Mumbai,"Mumbai, Maharashtra",253.0,-11.0,-0.043478260869565216,Loss,1,Clothing,Trousers
B-25923,2018-12-27,Vishakha,Maharashtra,Mumbai,"Mumbai, Maharashtra",3873.0,891.0,0.2300542215336948,Profit,6,Electronics,Phones
B-25924,2018-12-28,Prajakta,Karnataka,Bangalore,"Bangalore, Karnataka",148.0,54.0,0.36486486486486486,Profit,2,Furniture,Chairs
B-25925,2018-12-29,Shruti,Maharashtra,Mumbai,"Mumbai, Maharashtra",27.0,12.0,0.4444444444444444,Profit,1,Clothing,Stole
B-25925,2018-12-29,Shruti,Maharashtra,Mumbai,"Mumbai, Maharashtra",314.0,-41.0,-0.1305732484076433,Loss,3,Electronics,Electronic Games
B-25925,2018-12-29,Shruti,Maharashtra,Mumbai,"Mumbai, Maharashtra",1228.0,14.0,0.011400651465798045,Profit,3,Furniture,Chairs
B-25926,2018-12-30,Dipali,Madhya Pradesh,Indore,"Indore, Madhya Pradesh",57.0,6.0,0.10526315789473684,Profit,5,Clothing,Leggings
B-25927,2018-12-31,Shreya,Uttar Pradesh,Lucknow,"Lucknow, Uttar Pradesh",200.0,7.0,0.035,Profit,4,Electronics,Electronic Games
B-25928,2019-01-01,Smriti,Bihar,Patna,"Patna, Bihar",25.0,10.0,0.4,Profit,1,Furniture,Furnishings
B-25928,2019-01-01,Smriti,Bihar,Patna,"Patna, Bihar",122.0,15.0,0.12295081967213115,Profit,3,Electronics,Accessories
B-25929,2019-01-02,Girase,Kerala ,Thiruvananthapuram,"Thiruvananthapuram, Kerala ",1308.0,536.0,0.40978593272171254,Profit,3,Furniture,Bookcases
B-25929,2019-01-02,Girase,Kerala ,Thiruvananthapuram,"Thiruvananthapuram, Kerala ",216.0,-135.0,-0.625,Loss,3,Furniture,Chairs
B-25929,2019-01-02,Girase,Kerala ,Thiruvananthapuram,"Thiruvananthapuram, Kerala ",154.0,-85.0,-0.551948051948052,Loss,3,Furniture,Chairs
B-25930,2019-01-03,Monica,Punjab,Chandigarh,"Chandigarh, Punjab",40.0,13.0,0.325,Profit,3,Clothing,T-shirt
B-25930,2019-01-03,Monica,Punjab,Chandigarh,"Chandigarh, Punjab",351.0,-94.0,-0.2678062678062678,Loss,5,Electronics,Electronic Games
B-25930,2019-01-03,Monica,Punjab,Chandigarh,"Chandigarh, Punjab",595.0,119.0,0.2,Profit,4,Furniture,Bookcases
B-25930,2019-01-03,Monica,Punjab,Chandigarh,"Chandigarh, Punjab",151.0,29.0,0.19205298013245034,Profit,5,Clothing,Hankerchief
B-25930,2019-01-03,Monica,Punjab,Chandigarh,"Chandigarh, Punjab",58.0,17.0,0.29310344827586204,Profit,2,Clothing,Hankerchief
B-25930,2019-01-03,Monica,Punjab,Chandigarh,"Chandigarh, Punjab",202.0,89.0,0.4405940594059406,Profit,9,Clothing,T-shirt
B-25931,2019-01-04,Sidharth,Maharashtra,Mumbai,"Mumbai, Maharashtra",73.0,-36.0,-0.4931506849315068,Loss,3,Furniture,Chairs
B-25932,2019-01-04,Bhutekar,Madhya Pradesh,Indore,"Indore, Madhya Pradesh",71.0,-14.0,-0.19718309859154928,Loss,4,Furniture,Furnishings
B-25933,2019-01-04,Shikhar,Maharashtra,Mumbai,"Mumbai, Maharashtra",81.0,-44.0,-0.5432098765432098,Loss,3,Clothing,Stole
B-25933,2019-01-04,Shikhar,Maharashtra,Mumbai,"Mumbai, Maharashtra",412.0,-412.0,-1,Loss,6,Clothing,Saree
B-25933,2019-01-04,Shikhar,Maharashtra,Mumbai,"Mumbai, Maharashtra",207.0,-100.0,-0.4830917874396135,Loss,2,Clothing,Saree
B-25934,2019-01-04,Rahul,Madhya Pradesh,Indore,"Indore, Madhya Pradesh",105.0,33.0,0.3142857142857143,Profit,6,Clothing,Saree
B-25935,2019-01-04,Sudhir,Nagaland,Kohima,"Kohima, Nagaland",162.0,20.0,0.12345679012345678,Profit,3,Furniture,Chairs
B-25935,2019-01-04,Sudhir,Nagaland,Kohima,"Kohima, Nagaland",150.0,32.0,0.21333333333333335,Profit,3,Clothing,Hankerchief
B-25935,2019-01-04,Sudhir,Nagaland,Kohima,"Kohima, Nagaland",1657.0,460.0,0.2776101388050694,Profit,4,Furniture,Chairs
B-25936,2019-01-05,Nikhil,Punjab,Chandigarh,"Chandigarh, Punjab",61.0,25.0,0.4098360655737705,Profit,4,Clothing,Saree
B-25937,2019-01-05,Ankit,Haryana,Chandigarh,"Chandigarh, Haryana",1101.0,352.0,0.31970935513169846,Profit,3,Furniture,Bookcases
B-25938,2019-01-05,Shikhar,Himachal Pradesh,Simla,"Simla, Himachal Pradesh",61.0,1.0,0.01639344262295082,Profit,2,Furniture,Furnishings
B-25938,2019-01-05,Shikhar,Himachal Pradesh,Simla,"Simla, Himachal Pradesh",59.0,25.0,0.423728813559322,Profit,3,Clothing,Stole
B-25939,2019-01-05,Vineet,Sikkim,Gangtok,"Gangtok, Sikkim",61.0,18.0,0.29508196721311475,Profit,2,Electronics,Accessories
B-25939,2019-01-05,Vineet,Sikkim,Gangtok,"Gangtok, Sikkim",136.0,41.0,0.3014705882352941,Profit,3,Electronics,Accessories
B-25939,2019-01-05,Vineet,Sikkim,Gangtok,"Gangtok, Sikkim",469.0,33.0,0.07036247334754797,Profit,4,Electronics,Electronic Games
B-25940,2019-01-06,Vivek,Goa,Goa,"Goa, Goa",55.0,4.0,0.07272727272727272,Profit,2,Clothing,Stole
B-25940,2019-01-06,Vivek,Goa,Goa,"Goa, Goa",13.0,3.0,0.23076923076923078,Profit,2,Clothing,Hankerchief
B-25940,2019-01-06,Vivek,Goa,Goa,"Goa, Goa",46.0,0.0,0,Break-Even,4,Clothing,Leggings
B-25941,2019-01-07,Jaideep,Nagaland,Kohima,"Kohima, Nagaland",177.0,41.0,0.23163841807909605,Profit,4,Clothing,Shirt
B-25942,2019-01-08,Ankur,Andhra Pradesh,Hyderabad,"Hyderabad, Andhra Pradesh",646.0,-23.0,-0.03560371517027864,Loss,2,Electronics,Printers
B-25943,2019-01-09,Shardul,Gujarat,Ahmedabad,"Ahmedabad, Gujarat",48.0,20.0,0.4166666666666667,Profit,4,Clothing,Stole
B-25943,2019-01-09,Shardul,Gujarat,Ahmedabad,"Ahmedabad, Gujarat",26.0,7.0,0.2692307692307692,Profit,4,Clothing,Hankerchief
B-25943,2019-01-09,Shardul,Gujarat,Ahmedabad,"Ahmedabad, Gujarat",149.0,15.0,0.10067114093959731,Profit,3,Clothing,Saree
B-25943,2019-01-09,Shardul,Gujarat,Ahmedabad,"Ahmedabad, Gujarat",1547.0,340.0,0.21978021978021978,Profit,6,Electronics,Accessories
